,Feature1,Feature2,Correlation_x,Correlation_y,_merge
0,DML,FIR_LIDs_HFS,True,,left_only
1,DML,FIR_LIDs_LFS,True,,left_only
2,DML,FIR_LIDs_core,True,,left_only
5,DML,Ne_rho_z21,True,,left_only
6,DML,Ne_rho_z22,True,,left_only
7,DML,Ne_rho_z23,True,,left_only
8,DML,Ne_rho_z24,True,,left_only
9,DML,Ne_rho_z25,True,,left_only
10,DML,Ne_rho_z26,True,,left_only
11,DML,Ne_rho_z27,True,,left_only
12,DML,Ne_rho_z28,True,,left_only
13,DML,Ne_rho_z29,True,,left_only
14,DML,Ne_rho_z30,True,,left_only
15,DML,Ne_rho_z31,True,,left_only
16,DML,Ne_rho_z32,True,,left_only
17,DML,Ne_rho_z33,True,,left_only
18,DML,Ne_rho_z34,True,,left_only
19,DML,Ne_rho_z35,True,,left_only
20,DML,Ne_rho_z36,True,,left_only
21,DML,Ne_rho_z37,True,,left_only
22,DML,Ne_rho_z38,True,,left_only
23,DML,Ne_rho_z39,True,,left_only
24,DML,Ne_rho_z40,True,,left_only
25,DML,Ne_rho_z41,True,,left_only
26,DML,Ne_rho_z42,True,,left_only
27,DML,Ne_rho_z43,True,,left_only
28,DML,Ne_rho_z44,True,,left_only
29,DML,Ne_rho_z45,True,,left_only
30,DML,Ne_rho_z46,True,,left_only
31,DML,Ne_rho_z47,True,,left_only
32,DML,Ne_rho_z48,True,,left_only
33,DML,Ne_rho_z49,True,,left_only
34,DML,Ne_rho_z50,True,,left_only
35,DML,Ne_rho_z51,True,,left_only
36,DML,Ne_rho_z52,True,,left_only
37,DML,Ne_rho_z53,True,,left_only
38,DML,Ne_rho_z54,True,,left_only
39,DML,Ne_rho_z55,True,,left_only
40,DML,Ne_rho_z56,True,,left_only
41,DML,Ne_rho_z57,True,,left_only
42,DML,Ne_rho_z58,True,,left_only
43,DML,POHM,True,,left_only
44,DML,SXRcore,True,,left_only
45,DML,Te_rho_z1,True,,left_only
46,DML,Te_rho_z10,True,,left_only
47,DML,Te_rho_z11,True,,left_only
48,DML,Te_rho_z12,True,,left_only
49,DML,Te_rho_z13,True,,left_only
50,DML,Te_rho_z14,True,,left_only
51,DML,Te_rho_z15,True,,left_only
52,DML,Te_rho_z16,True,,left_only
53,DML,Te_rho_z17,True,,left_only
54,DML,Te_rho_z18,True,,left_only
55,DML,Te_rho_z19,True,,left_only
56,DML,Te_rho_z2,True,,left_only
57,DML,Te_rho_z20,True,,left_only
58,DML,Te_rho_z21,True,,left_only
59,DML,Te_rho_z22,True,,left_only
60,DML,Te_rho_z23,True,,left_only
61,DML,Te_rho_z24,True,,left_only
62,DML,Te_rho_z25,True,,left_only
63,DML,Te_rho_z26,True,,left_only
64,DML,Te_rho_z27,True,,left_only
65,DML,Te_rho_z28,True,,left_only
66,DML,Te_rho_z29,True,,left_only
67,DML,Te_rho_z3,True,,left_only
68,DML,Te_rho_z30,True,,left_only
69,DML,Te_rho_z31,True,,left_only
70,DML,Te_rho_z32,True,,left_only
71,DML,Te_rho_z33,True,,left_only
72,DML,Te_rho_z34,True,,left_only
73,DML,Te_rho_z35,True,,left_only
74,DML,Te_rho_z36,True,,left_only
75,DML,Te_rho_z37,True,,left_only
76,DML,Te_rho_z38,True,,left_only
77,DML,Te_rho_z39,True,,left_only
78,DML,Te_rho_z4,True,,left_only
79,DML,Te_rho_z40,True,,left_only
80,DML,Te_rho_z41,True,,left_only
81,DML,Te_rho_z42,True,,left_only
82,DML,Te_rho_z43,True,,left_only
83,DML,Te_rho_z44,True,,left_only
84,DML,Te_rho_z45,True,,left_only
85,DML,Te_rho_z46,True,,left_only
86,DML,Te_rho_z47,True,,left_only
87,DML,Te_rho_z48,True,,left_only
88,DML,Te_rho_z49,True,,left_only
89,DML,Te_rho_z5,True,,left_only
90,DML,Te_rho_z50,True,,left_only
91,DML,Te_rho_z51,True,,left_only
92,DML,Te_rho_z52,True,,left_only
93,DML,Te_rho_z53,True,,left_only
94,DML,Te_rho_z54,True,,left_only
95,DML,Te_rho_z55,True,,left_only
96,DML,Te_rho_z56,True,,left_only
97,DML,Te_rho_z6,True,,left_only
98,DML,Te_rho_z7,True,,left_only
99,DML,Te_rho_z8,True,,left_only
100,DML,Te_rho_z9,True,,left_only
101,DML,Wtot,True,,left_only
102,FIR_LIDs_HFS,DML,True,,left_only
103,FIR_LIDs_HFS,FIR_LIDs_LFS,True,,left_only
104,FIR_LIDs_HFS,FIR_LIDs_core,True,,left_only
105,FIR_LIDs_HFS,IP,True,,left_only
106,FIR_LIDs_HFS,IPLA,True,,left_only
107,FIR_LIDs_HFS,Ne_rho_z19,True,,left_only
108,FIR_LIDs_HFS,Ne_rho_z20,True,,left_only
109,FIR_LIDs_HFS,Ne_rho_z21,True,,left_only
110,FIR_LIDs_HFS,Ne_rho_z22,True,,left_only
111,FIR_LIDs_HFS,Ne_rho_z23,True,,left_only
112,FIR_LIDs_HFS,Ne_rho_z24,True,,left_only
113,FIR_LIDs_HFS,Ne_rho_z25,True,,left_only
114,FIR_LIDs_HFS,Ne_rho_z26,True,,left_only
115,FIR_LIDs_HFS,Ne_rho_z27,True,,left_only
116,FIR_LIDs_HFS,POHM,True,,left_only
117,FIR_LIDs_HFS,SXRcore,True,,left_only
118,FIR_LIDs_HFS,Wtot,True,,left_only
119,FIR_LIDs_LFS,DML,True,,left_only
120,FIR_LIDs_LFS,FIR_LIDs_HFS,True,,left_only
122,FIR_LIDs_LFS,IP,True,,left_only
123,FIR_LIDs_LFS,IPLA,True,,left_only
124,FIR_LIDs_LFS,Ne_rho_z23,True,,left_only
125,FIR_LIDs_LFS,Ne_rho_z24,True,,left_only
126,FIR_LIDs_LFS,Ne_rho_z25,True,,left_only
127,FIR_LIDs_LFS,Ne_rho_z26,True,,left_only
128,FIR_LIDs_LFS,Ne_rho_z27,True,,left_only
129,FIR_LIDs_LFS,Ne_rho_z28,True,,left_only
130,FIR_LIDs_LFS,Ne_rho_z29,True,,left_only
131,FIR_LIDs_LFS,Ne_rho_z30,True,,left_only
132,FIR_LIDs_LFS,Ne_rho_z31,True,,left_only
133,FIR_LIDs_LFS,Ne_rho_z32,True,,left_only
134,FIR_LIDs_LFS,Ne_rho_z33,True,,left_only
135,FIR_LIDs_LFS,Ne_rho_z34,True,,left_only
136,FIR_LIDs_LFS,Ne_rho_z35,True,,left_only
137,FIR_LIDs_LFS,Ne_rho_z36,True,,left_only
138,FIR_LIDs_LFS,Ne_rho_z37,True,,left_only
139,FIR_LIDs_LFS,Ne_rho_z38,True,,left_only
140,FIR_LIDs_LFS,Ne_rho_z39,True,,left_only
141,FIR_LIDs_LFS,Ne_rho_z40,True,,left_only
142,FIR_LIDs_LFS,Ne_rho_z41,True,,left_only
143,FIR_LIDs_LFS,Ne_rho_z42,True,,left_only
144,FIR_LIDs_LFS,Ne_rho_z43,True,,left_only
145,FIR_LIDs_LFS,Ne_rho_z44,True,,left_only
146,FIR_LIDs_LFS,Ne_rho_z45,True,,left_only
147,FIR_LIDs_LFS,Ne_rho_z46,True,,left_only
148,FIR_LIDs_LFS,Ne_rho_z47,True,,left_only
149,FIR_LIDs_LFS,Ne_rho_z48,True,,left_only
150,FIR_LIDs_LFS,Ne_rho_z49,True,,left_only
151,FIR_LIDs_LFS,Ne_rho_z50,True,,left_only
152,FIR_LIDs_LFS,Ne_rho_z51,True,,left_only
153,FIR_LIDs_LFS,Ne_rho_z52,True,,left_only
154,FIR_LIDs_LFS,Ne_rho_z53,True,,left_only
155,FIR_LIDs_LFS,Ne_rho_z54,True,,left_only
156,FIR_LIDs_LFS,Ne_rho_z55,True,,left_only
157,FIR_LIDs_LFS,Ne_rho_z56,True,,left_only
158,FIR_LIDs_LFS,Ne_rho_z57,True,,left_only
159,FIR_LIDs_LFS,Ne_rho_z58,True,,left_only
160,FIR_LIDs_LFS,SXRcore,True,,left_only
161,FIR_LIDs_LFS,Te_rho_z12,True,,left_only
162,FIR_LIDs_LFS,Te_rho_z13,True,,left_only
163,FIR_LIDs_LFS,Te_rho_z14,True,,left_only
164,FIR_LIDs_LFS,Te_rho_z15,True,,left_only
165,FIR_LIDs_LFS,Te_rho_z16,True,,left_only
166,FIR_LIDs_LFS,Te_rho_z17,True,,left_only
167,FIR_LIDs_LFS,Te_rho_z18,True,,left_only
168,FIR_LIDs_LFS,Te_rho_z19,True,,left_only
169,FIR_LIDs_LFS,Te_rho_z20,True,,left_only
170,FIR_LIDs_LFS,Te_rho_z21,True,,left_only
171,FIR_LIDs_LFS,Te_rho_z22,True,,left_only
172,FIR_LIDs_LFS,Te_rho_z23,True,,left_only
173,FIR_LIDs_LFS,Te_rho_z24,True,,left_only
174,FIR_LIDs_LFS,Te_rho_z25,True,,left_only
175,FIR_LIDs_LFS,Te_rho_z26,True,,left_only
176,FIR_LIDs_LFS,Te_rho_z27,True,,left_only
177,FIR_LIDs_LFS,Te_rho_z28,True,,left_only
178,FIR_LIDs_LFS,Te_rho_z29,True,,left_only
179,FIR_LIDs_LFS,Te_rho_z30,True,,left_only
180,FIR_LIDs_LFS,Te_rho_z31,True,,left_only
181,FIR_LIDs_LFS,Te_rho_z32,True,,left_only
182,FIR_LIDs_LFS,Te_rho_z33,True,,left_only
183,FIR_LIDs_LFS,Te_rho_z34,True,,left_only
184,FIR_LIDs_LFS,Te_rho_z35,True,,left_only
185,FIR_LIDs_LFS,Te_rho_z36,True,,left_only
186,FIR_LIDs_LFS,Te_rho_z37,True,,left_only
187,FIR_LIDs_LFS,Te_rho_z38,True,,left_only
188,FIR_LIDs_LFS,Te_rho_z39,True,,left_only
189,FIR_LIDs_LFS,Te_rho_z40,True,,left_only
190,FIR_LIDs_LFS,Te_rho_z41,True,,left_only
191,FIR_LIDs_LFS,Te_rho_z42,True,,left_only
192,FIR_LIDs_LFS,Te_rho_z43,True,,left_only
193,FIR_LIDs_LFS,Te_rho_z44,True,,left_only
194,FIR_LIDs_LFS,Te_rho_z45,True,,left_only
195,FIR_LIDs_LFS,Te_rho_z46,True,,left_only
196,FIR_LIDs_LFS,Te_rho_z47,True,,left_only
197,FIR_LIDs_LFS,Te_rho_z48,True,,left_only
198,FIR_LIDs_LFS,Te_rho_z49,True,,left_only
199,FIR_LIDs_LFS,Te_rho_z50,True,,left_only
200,FIR_LIDs_LFS,Te_rho_z51,True,,left_only
201,FIR_LIDs_LFS,Te_rho_z52,True,,left_only
202,FIR_LIDs_LFS,Te_rho_z53,True,,left_only
203,FIR_LIDs_LFS,Te_rho_z54,True,,left_only
204,FIR_LIDs_LFS,Te_rho_z55,True,,left_only
205,FIR_LIDs_LFS,Te_rho_z56,True,,left_only
206,FIR_LIDs_LFS,Te_rho_z57,True,,left_only
207,FIR_LIDs_LFS,Te_rho_z58,True,,left_only
208,FIR_LIDs_LFS,Te_rho_z59,True,,left_only
209,FIR_LIDs_LFS,Te_rho_z60,True,,left_only
210,FIR_LIDs_LFS,Te_rho_z61,True,,left_only
211,FIR_LIDs_LFS,Te_rho_z62,True,,left_only
212,FIR_LIDs_LFS,Wtot,True,,left_only
213,FIR_LIDs_core,DML,True,,left_only
214,FIR_LIDs_core,FIR_LIDs_HFS,True,,left_only
216,FIR_LIDs_core,IP,True,,left_only
217,FIR_LIDs_core,IPLA,True,,left_only
218,FIR_LIDs_core,Ne_rho_z19,True,,left_only
219,FIR_LIDs_core,Ne_rho_z20,True,,left_only
220,FIR_LIDs_core,Ne_rho_z21,True,,left_only
221,FIR_LIDs_core,Ne_rho_z22,True,,left_only
222,FIR_LIDs_core,Ne_rho_z23,True,,left_only
223,FIR_LIDs_core,Ne_rho_z24,True,,left_only
224,FIR_LIDs_core,Ne_rho_z25,True,,left_only
225,FIR_LIDs_core,Ne_rho_z26,True,,left_only
226,FIR_LIDs_core,Ne_rho_z27,True,,left_only
227,FIR_LIDs_core,Ne_rho_z28,True,,left_only
228,FIR_LIDs_core,Ne_rho_z29,True,,left_only
229,FIR_LIDs_core,POHM,True,,left_only
230,FIR_LIDs_core,SXRcore,True,,left_only
231,FIR_LIDs_core,Te_rho_z12,True,,left_only
232,FIR_LIDs_core,Te_rho_z13,True,,left_only
233,FIR_LIDs_core,Te_rho_z14,True,,left_only
234,FIR_LIDs_core,Wtot,True,,left_only
236,IP,FIR_LIDs_HFS,True,,left_only
237,IP,FIR_LIDs_LFS,True,,left_only
238,IP,FIR_LIDs_core,True,,left_only
240,IP,Ne_rho_z21,True,,left_only
241,IP,Ne_rho_z22,True,,left_only
242,IP,Ne_rho_z23,True,,left_only
243,IP,Ne_rho_z24,True,,left_only
244,IP,Ne_rho_z25,True,,left_only
245,IP,Ne_rho_z26,True,,left_only
246,IP,Ne_rho_z27,True,,left_only
247,IP,Ne_rho_z28,True,,left_only
248,IP,Ne_rho_z29,True,,left_only
249,IP,Ne_rho_z30,True,,left_only
250,IP,Ne_rho_z31,True,,left_only
251,IP,Ne_rho_z32,True,,left_only
252,IP,Ne_rho_z33,True,,left_only
253,IP,Ne_rho_z34,True,,left_only
254,IP,Ne_rho_z35,True,,left_only
255,IP,Ne_rho_z36,True,,left_only
256,IP,Ne_rho_z37,True,,left_only
257,IP,Ne_rho_z38,True,,left_only
258,IP,Ne_rho_z39,True,,left_only
259,IP,Ne_rho_z40,True,,left_only
260,IP,Ne_rho_z41,True,,left_only
261,IP,Ne_rho_z42,True,,left_only
262,IP,Ne_rho_z43,True,,left_only
263,IP,Ne_rho_z44,True,,left_only
264,IP,Ne_rho_z45,True,,left_only
265,IP,Ne_rho_z46,True,,left_only
266,IP,Ne_rho_z47,True,,left_only
267,IP,Ne_rho_z48,True,,left_only
268,IP,Ne_rho_z49,True,,left_only
269,IP,Ne_rho_z50,True,,left_only
270,IP,Ne_rho_z51,True,,left_only
271,IP,Ne_rho_z52,True,,left_only
272,IP,Ne_rho_z53,True,,left_only
273,IP,Ne_rho_z54,True,,left_only
274,IP,Ne_rho_z55,True,,left_only
275,IP,Ne_rho_z56,True,,left_only
276,IP,Ne_rho_z57,True,,left_only
277,IP,Ne_rho_z58,True,,left_only
278,IP,POHM,True,,left_only
279,IP,SXRcore,True,,left_only
280,IP,Te_rho_z1,True,,left_only
281,IP,Te_rho_z10,True,,left_only
282,IP,Te_rho_z11,True,,left_only
283,IP,Te_rho_z12,True,,left_only
284,IP,Te_rho_z13,True,,left_only
285,IP,Te_rho_z14,True,,left_only
286,IP,Te_rho_z15,True,,left_only
287,IP,Te_rho_z16,True,,left_only
288,IP,Te_rho_z17,True,,left_only
289,IP,Te_rho_z18,True,,left_only
290,IP,Te_rho_z19,True,,left_only
291,IP,Te_rho_z2,True,,left_only
292,IP,Te_rho_z20,True,,left_only
293,IP,Te_rho_z21,True,,left_only
294,IP,Te_rho_z22,True,,left_only
295,IP,Te_rho_z23,True,,left_only
296,IP,Te_rho_z24,True,,left_only
297,IP,Te_rho_z25,True,,left_only
298,IP,Te_rho_z26,True,,left_only
299,IP,Te_rho_z27,True,,left_only
300,IP,Te_rho_z28,True,,left_only
301,IP,Te_rho_z29,True,,left_only
302,IP,Te_rho_z3,True,,left_only
303,IP,Te_rho_z30,True,,left_only
304,IP,Te_rho_z31,True,,left_only
305,IP,Te_rho_z32,True,,left_only
306,IP,Te_rho_z33,True,,left_only
307,IP,Te_rho_z34,True,,left_only
308,IP,Te_rho_z35,True,,left_only
309,IP,Te_rho_z36,True,,left_only
310,IP,Te_rho_z37,True,,left_only
311,IP,Te_rho_z38,True,,left_only
312,IP,Te_rho_z39,True,,left_only
313,IP,Te_rho_z4,True,,left_only
314,IP,Te_rho_z40,True,,left_only
315,IP,Te_rho_z41,True,,left_only
316,IP,Te_rho_z42,True,,left_only
317,IP,Te_rho_z43,True,,left_only
318,IP,Te_rho_z44,True,,left_only
319,IP,Te_rho_z45,True,,left_only
320,IP,Te_rho_z46,True,,left_only
321,IP,Te_rho_z47,True,,left_only
322,IP,Te_rho_z48,True,,left_only
323,IP,Te_rho_z49,True,,left_only
324,IP,Te_rho_z5,True,,left_only
325,IP,Te_rho_z50,True,,left_only
326,IP,Te_rho_z51,True,,left_only
327,IP,Te_rho_z52,True,,left_only
328,IP,Te_rho_z53,True,,left_only
329,IP,Te_rho_z54,True,,left_only
330,IP,Te_rho_z55,True,,left_only
331,IP,Te_rho_z56,True,,left_only
332,IP,Te_rho_z57,True,,left_only
333,IP,Te_rho_z6,True,,left_only
334,IP,Te_rho_z7,True,,left_only
335,IP,Te_rho_z8,True,,left_only
336,IP,Te_rho_z9,True,,left_only
337,IP,Wtot,True,,left_only
339,IPLA,FIR_LIDs_HFS,True,,left_only
340,IPLA,FIR_LIDs_LFS,True,,left_only
341,IPLA,FIR_LIDs_core,True,,left_only
343,IPLA,Ne_rho_z21,True,,left_only
344,IPLA,Ne_rho_z22,True,,left_only
345,IPLA,Ne_rho_z23,True,,left_only
346,IPLA,Ne_rho_z24,True,,left_only
347,IPLA,Ne_rho_z25,True,,left_only
348,IPLA,Ne_rho_z26,True,,left_only
349,IPLA,Ne_rho_z27,True,,left_only
350,IPLA,Ne_rho_z28,True,,left_only
351,IPLA,Ne_rho_z29,True,,left_only
352,IPLA,Ne_rho_z30,True,,left_only
353,IPLA,Ne_rho_z31,True,,left_only
354,IPLA,Ne_rho_z32,True,,left_only
355,IPLA,Ne_rho_z33,True,,left_only
356,IPLA,Ne_rho_z34,True,,left_only
357,IPLA,Ne_rho_z35,True,,left_only
358,IPLA,Ne_rho_z36,True,,left_only
359,IPLA,Ne_rho_z37,True,,left_only
360,IPLA,Ne_rho_z38,True,,left_only
361,IPLA,Ne_rho_z39,True,,left_only
362,IPLA,Ne_rho_z40,True,,left_only
363,IPLA,Ne_rho_z41,True,,left_only
364,IPLA,Ne_rho_z42,True,,left_only
365,IPLA,Ne_rho_z43,True,,left_only
366,IPLA,Ne_rho_z44,True,,left_only
367,IPLA,Ne_rho_z45,True,,left_only
368,IPLA,Ne_rho_z46,True,,left_only
369,IPLA,Ne_rho_z47,True,,left_only
370,IPLA,Ne_rho_z48,True,,left_only
371,IPLA,Ne_rho_z49,True,,left_only
372,IPLA,Ne_rho_z50,True,,left_only
373,IPLA,Ne_rho_z51,True,,left_only
374,IPLA,Ne_rho_z52,True,,left_only
375,IPLA,Ne_rho_z53,True,,left_only
376,IPLA,Ne_rho_z54,True,,left_only
377,IPLA,Ne_rho_z55,True,,left_only
378,IPLA,Ne_rho_z56,True,,left_only
379,IPLA,Ne_rho_z57,True,,left_only
380,IPLA,POHM,True,,left_only
381,IPLA,SXRcore,True,,left_only
382,IPLA,Te_rho_z1,True,,left_only
383,IPLA,Te_rho_z10,True,,left_only
384,IPLA,Te_rho_z11,True,,left_only
385,IPLA,Te_rho_z12,True,,left_only
386,IPLA,Te_rho_z13,True,,left_only
387,IPLA,Te_rho_z14,True,,left_only
388,IPLA,Te_rho_z15,True,,left_only
389,IPLA,Te_rho_z16,True,,left_only
390,IPLA,Te_rho_z17,True,,left_only
391,IPLA,Te_rho_z18,True,,left_only
392,IPLA,Te_rho_z19,True,,left_only
393,IPLA,Te_rho_z2,True,,left_only
394,IPLA,Te_rho_z20,True,,left_only
395,IPLA,Te_rho_z21,True,,left_only
396,IPLA,Te_rho_z22,True,,left_only
397,IPLA,Te_rho_z23,True,,left_only
398,IPLA,Te_rho_z24,True,,left_only
399,IPLA,Te_rho_z25,True,,left_only
400,IPLA,Te_rho_z26,True,,left_only
401,IPLA,Te_rho_z27,True,,left_only
402,IPLA,Te_rho_z28,True,,left_only
403,IPLA,Te_rho_z29,True,,left_only
404,IPLA,Te_rho_z3,True,,left_only
405,IPLA,Te_rho_z30,True,,left_only
406,IPLA,Te_rho_z31,True,,left_only
407,IPLA,Te_rho_z32,True,,left_only
408,IPLA,Te_rho_z33,True,,left_only
409,IPLA,Te_rho_z34,True,,left_only
410,IPLA,Te_rho_z35,True,,left_only
411,IPLA,Te_rho_z38,True,,left_only
412,IPLA,Te_rho_z39,True,,left_only
413,IPLA,Te_rho_z4,True,,left_only
414,IPLA,Te_rho_z40,True,,left_only
415,IPLA,Te_rho_z41,True,,left_only
416,IPLA,Te_rho_z42,True,,left_only
417,IPLA,Te_rho_z43,True,,left_only
418,IPLA,Te_rho_z44,True,,left_only
419,IPLA,Te_rho_z45,True,,left_only
420,IPLA,Te_rho_z46,True,,left_only
421,IPLA,Te_rho_z47,True,,left_only
422,IPLA,Te_rho_z48,True,,left_only
423,IPLA,Te_rho_z49,True,,left_only
424,IPLA,Te_rho_z5,True,,left_only
425,IPLA,Te_rho_z50,True,,left_only
426,IPLA,Te_rho_z51,True,,left_only
427,IPLA,Te_rho_z52,True,,left_only
428,IPLA,Te_rho_z53,True,,left_only
429,IPLA,Te_rho_z54,True,,left_only
430,IPLA,Te_rho_z55,True,,left_only
431,IPLA,Te_rho_z56,True,,left_only
432,IPLA,Te_rho_z57,True,,left_only
433,IPLA,Te_rho_z6,True,,left_only
434,IPLA,Te_rho_z7,True,,left_only
435,IPLA,Te_rho_z8,True,,left_only
436,IPLA,Te_rho_z9,True,,left_only
437,IPLA,Wtot,True,,left_only
438,Ne_rho_z1,Ne_rho_z10,True,,left_only
444,Ne_rho_z1,Ne_rho_z6,True,,left_only
445,Ne_rho_z1,Ne_rho_z7,True,,left_only
446,Ne_rho_z1,Ne_rho_z8,True,,left_only
447,Ne_rho_z1,Ne_rho_z9,True,,left_only
448,Ne_rho_z10,Ne_rho_z1,True,,left_only
451,Ne_rho_z10,Ne_rho_z13,True,,left_only
452,Ne_rho_z10,Ne_rho_z14,True,,left_only
453,Ne_rho_z10,Ne_rho_z15,True,,left_only
454,Ne_rho_z10,Ne_rho_z16,True,,left_only
455,Ne_rho_z10,Ne_rho_z17,True,,left_only
456,Ne_rho_z10,Ne_rho_z2,True,,left_only
466,Ne_rho_z11,Ne_rho_z13,True,,left_only
467,Ne_rho_z11,Ne_rho_z14,True,,left_only
468,Ne_rho_z11,Ne_rho_z15,True,,left_only
469,Ne_rho_z11,Ne_rho_z16,True,,left_only
470,Ne_rho_z11,Ne_rho_z17,True,,left_only
471,Ne_rho_z11,Ne_rho_z18,True,,left_only
488,Ne_rho_z12,Ne_rho_z5,True,,left_only
489,Ne_rho_z12,Ne_rho_z6,True,,left_only
490,Ne_rho_z12,Ne_rho_z7,True,,left_only
491,Ne_rho_z12,Ne_rho_z8,True,,left_only
493,Ne_rho_z13,Ne_rho_z10,True,,left_only
494,Ne_rho_z13,Ne_rho_z11,True,,left_only
520,Ne_rho_z13,Ne_rho_z6,True,,left_only
529,Ne_rho_z13,Ne_rho_z7,True,,left_only
530,Ne_rho_z13,Ne_rho_z8,True,,left_only
531,Ne_rho_z13,Ne_rho_z9,True,,left_only
533,Ne_rho_z14,Ne_rho_z10,True,,left_only
534,Ne_rho_z14,Ne_rho_z11,True,,left_only
537,Ne_rho_z14,Ne_rho_z15,True,,left_only
582,Ne_rho_z14,Ne_rho_z6,True,,left_only
591,Ne_rho_z14,Ne_rho_z7,True,,left_only
592,Ne_rho_z14,Ne_rho_z8,True,,left_only
593,Ne_rho_z14,Ne_rho_z9,True,,left_only
606,Ne_rho_z15,Ne_rho_z10,True,,left_only
607,Ne_rho_z15,Ne_rho_z11,True,,left_only
610,Ne_rho_z15,Ne_rho_z14,True,,left_only
636,Ne_rho_z15,Ne_rho_z7,True,,left_only
637,Ne_rho_z15,Ne_rho_z8,True,,left_only
638,Ne_rho_z15,Ne_rho_z9,True,,left_only
639,Ne_rho_z16,Ne_rho_z10,True,,left_only
640,Ne_rho_z16,Ne_rho_z11,True,,left_only
696,Ne_rho_z16,Ne_rho_z8,True,,left_only
697,Ne_rho_z16,Ne_rho_z9,True,,left_only
698,Ne_rho_z17,Ne_rho_z10,True,,left_only
699,Ne_rho_z17,Ne_rho_z11,True,,left_only
755,Ne_rho_z17,Ne_rho_z9,True,,left_only
772,Ne_rho_z18,Ne_rho_z11,True,,left_only
870,Ne_rho_z19,FIR_LIDs_HFS,True,,left_only
871,Ne_rho_z19,FIR_LIDs_core,True,,left_only
976,Ne_rho_z2,Ne_rho_z10,True,,left_only
980,Ne_rho_z2,Ne_rho_z6,True,,left_only
981,Ne_rho_z2,Ne_rho_z7,True,,left_only
982,Ne_rho_z2,Ne_rho_z8,True,,left_only
983,Ne_rho_z2,Ne_rho_z9,True,,left_only
984,Ne_rho_z20,FIR_LIDs_HFS,True,,left_only
985,Ne_rho_z20,FIR_LIDs_core,True,,left_only
1091,Ne_rho_z21,DML,True,,left_only
1092,Ne_rho_z21,FIR_LIDs_HFS,True,,left_only
1093,Ne_rho_z21,FIR_LIDs_core,True,,left_only
1094,Ne_rho_z21,IP,True,,left_only
1095,Ne_rho_z21,IPLA,True,,left_only
1204,Ne_rho_z21,Wtot,True,,left_only
1205,Ne_rho_z22,DML,True,,left_only
1206,Ne_rho_z22,FIR_LIDs_HFS,True,,left_only
1207,Ne_rho_z22,FIR_LIDs_core,True,,left_only
1208,Ne_rho_z22,IP,True,,left_only
1209,Ne_rho_z22,IPLA,True,,left_only
1264,Ne_rho_z22,POHM,True,,left_only
1319,Ne_rho_z22,Wtot,True,,left_only
1320,Ne_rho_z23,DML,True,,left_only
1321,Ne_rho_z23,FIR_LIDs_HFS,True,,left_only
1322,Ne_rho_z23,FIR_LIDs_LFS,True,,left_only
1323,Ne_rho_z23,FIR_LIDs_core,True,,left_only
1324,Ne_rho_z23,IP,True,,left_only
1325,Ne_rho_z23,IPLA,True,,left_only
1380,Ne_rho_z23,POHM,True,,left_only
1435,Ne_rho_z23,Wtot,True,,left_only
1436,Ne_rho_z24,DML,True,,left_only
1437,Ne_rho_z24,FIR_LIDs_HFS,True,,left_only
1438,Ne_rho_z24,FIR_LIDs_LFS,True,,left_only
1439,Ne_rho_z24,FIR_LIDs_core,True,,left_only
1440,Ne_rho_z24,IP,True,,left_only
1441,Ne_rho_z24,IPLA,True,,left_only
1496,Ne_rho_z24,POHM,True,,left_only
1551,Ne_rho_z24,Wtot,True,,left_only
1552,Ne_rho_z25,DML,True,,left_only
1553,Ne_rho_z25,FIR_LIDs_HFS,True,,left_only
1554,Ne_rho_z25,FIR_LIDs_LFS,True,,left_only
1555,Ne_rho_z25,FIR_LIDs_core,True,,left_only
1556,Ne_rho_z25,IP,True,,left_only
1557,Ne_rho_z25,IPLA,True,,left_only
1612,Ne_rho_z25,POHM,True,,left_only
1613,Ne_rho_z25,Te_rho_z12,True,,left_only
1614,Ne_rho_z25,Te_rho_z13,True,,left_only
1669,Ne_rho_z25,Wtot,True,,left_only
1670,Ne_rho_z26,DML,True,,left_only
1671,Ne_rho_z26,FIR_LIDs_HFS,True,,left_only
1672,Ne_rho_z26,FIR_LIDs_LFS,True,,left_only
1673,Ne_rho_z26,FIR_LIDs_core,True,,left_only
1674,Ne_rho_z26,IP,True,,left_only
1675,Ne_rho_z26,IPLA,True,,left_only
1730,Ne_rho_z26,POHM,True,,left_only
1731,Ne_rho_z26,Te_rho_z11,True,,left_only
1732,Ne_rho_z26,Te_rho_z12,True,,left_only
1733,Ne_rho_z26,Te_rho_z13,True,,left_only
1788,Ne_rho_z26,Wtot,True,,left_only
1789,Ne_rho_z27,DML,True,,left_only
1790,Ne_rho_z27,FIR_LIDs_HFS,True,,left_only
1791,Ne_rho_z27,FIR_LIDs_LFS,True,,left_only
1792,Ne_rho_z27,FIR_LIDs_core,True,,left_only
1793,Ne_rho_z27,IP,True,,left_only
1794,Ne_rho_z27,IPLA,True,,left_only
1849,Ne_rho_z27,POHM,True,,left_only
1850,Ne_rho_z27,SXRcore,True,,left_only
1851,Ne_rho_z27,Te_rho_z10,True,,left_only
1852,Ne_rho_z27,Te_rho_z11,True,,left_only
1853,Ne_rho_z27,Te_rho_z12,True,,left_only
1854,Ne_rho_z27,Te_rho_z13,True,,left_only
1909,Ne_rho_z27,Wtot,True,,left_only
1910,Ne_rho_z28,DML,True,,left_only
1911,Ne_rho_z28,FIR_LIDs_LFS,True,,left_only
1912,Ne_rho_z28,FIR_LIDs_core,True,,left_only
1913,Ne_rho_z28,IP,True,,left_only
1914,Ne_rho_z28,IPLA,True,,left_only
1969,Ne_rho_z28,POHM,True,,left_only
1970,Ne_rho_z28,Te_rho_z10,True,,left_only
1971,Ne_rho_z28,Te_rho_z11,True,,left_only
1972,Ne_rho_z28,Te_rho_z12,True,,left_only
1973,Ne_rho_z28,Te_rho_z13,True,,left_only
2028,Ne_rho_z28,Te_rho_z9,True,,left_only
2029,Ne_rho_z28,Wtot,True,,left_only
2030,Ne_rho_z29,DML,True,,left_only
2031,Ne_rho_z29,FIR_LIDs_LFS,True,,left_only
2032,Ne_rho_z29,FIR_LIDs_core,True,,left_only
2033,Ne_rho_z29,IP,True,,left_only
2034,Ne_rho_z29,IPLA,True,,left_only
2089,Ne_rho_z29,POHM,True,,left_only
2090,Ne_rho_z29,Te_rho_z10,True,,left_only
2091,Ne_rho_z29,Te_rho_z11,True,,left_only
2092,Ne_rho_z29,Te_rho_z12,True,,left_only
2093,Ne_rho_z29,Te_rho_z13,True,,left_only
2148,Ne_rho_z29,Te_rho_z9,True,,left_only
2149,Ne_rho_z29,Wtot,True,,left_only
2160,Ne_rho_z30,DML,True,,left_only
2161,Ne_rho_z30,FIR_LIDs_LFS,True,,left_only
2162,Ne_rho_z30,IP,True,,left_only
2163,Ne_rho_z30,IPLA,True,,left_only
2218,Ne_rho_z30,POHM,True,,left_only
2219,Ne_rho_z30,Te_rho_z10,True,,left_only
2220,Ne_rho_z30,Te_rho_z11,True,,left_only
2221,Ne_rho_z30,Te_rho_z12,True,,left_only
2222,Ne_rho_z30,Te_rho_z13,True,,left_only
2277,Ne_rho_z30,Te_rho_z9,True,,left_only
2278,Ne_rho_z30,Wtot,True,,left_only
2279,Ne_rho_z31,DML,True,,left_only
2280,Ne_rho_z31,FIR_LIDs_LFS,True,,left_only
2281,Ne_rho_z31,IP,True,,left_only
2282,Ne_rho_z31,IPLA,True,,left_only
2336,Ne_rho_z31,POHM,True,,left_only
2337,Ne_rho_z31,Te_rho_z10,True,,left_only
2338,Ne_rho_z31,Te_rho_z11,True,,left_only
2339,Ne_rho_z31,Te_rho_z12,True,,left_only
2340,Ne_rho_z31,Te_rho_z13,True,,left_only
2395,Ne_rho_z31,Te_rho_z9,True,,left_only
2396,Ne_rho_z31,Wtot,True,,left_only
2397,Ne_rho_z32,DML,True,,left_only
2398,Ne_rho_z32,FIR_LIDs_LFS,True,,left_only
2399,Ne_rho_z32,IP,True,,left_only
2400,Ne_rho_z32,IPLA,True,,left_only
2454,Ne_rho_z32,POHM,True,,left_only
2455,Ne_rho_z32,Te_rho_z10,True,,left_only
2456,Ne_rho_z32,Te_rho_z11,True,,left_only
2457,Ne_rho_z32,Te_rho_z12,True,,left_only
2458,Ne_rho_z32,Te_rho_z13,True,,left_only
2513,Ne_rho_z32,Te_rho_z9,True,,left_only
2514,Ne_rho_z32,Wtot,True,,left_only
2515,Ne_rho_z33,DML,True,,left_only
2516,Ne_rho_z33,FIR_LIDs_LFS,True,,left_only
2517,Ne_rho_z33,IP,True,,left_only
2518,Ne_rho_z33,IPLA,True,,left_only
2571,Ne_rho_z33,POHM,True,,left_only
2572,Ne_rho_z33,Te_rho_z10,True,,left_only
2573,Ne_rho_z33,Te_rho_z11,True,,left_only
2574,Ne_rho_z33,Te_rho_z12,True,,left_only
2575,Ne_rho_z33,Te_rho_z13,True,,left_only
2630,Ne_rho_z33,Te_rho_z9,True,,left_only
2631,Ne_rho_z33,Wtot,True,,left_only
2632,Ne_rho_z34,DML,True,,left_only
2633,Ne_rho_z34,FIR_LIDs_LFS,True,,left_only
2634,Ne_rho_z34,IP,True,,left_only
2635,Ne_rho_z34,IPLA,True,,left_only
2688,Ne_rho_z34,Te_rho_z10,True,,left_only
2689,Ne_rho_z34,Te_rho_z11,True,,left_only
2690,Ne_rho_z34,Te_rho_z12,True,,left_only
2691,Ne_rho_z34,Te_rho_z13,True,,left_only
2746,Ne_rho_z34,Te_rho_z9,True,,left_only
2747,Ne_rho_z34,Wtot,True,,left_only
2748,Ne_rho_z35,DML,True,,left_only
2749,Ne_rho_z35,FIR_LIDs_LFS,True,,left_only
2750,Ne_rho_z35,IP,True,,left_only
2751,Ne_rho_z35,IPLA,True,,left_only
2804,Ne_rho_z35,Te_rho_z10,True,,left_only
2805,Ne_rho_z35,Te_rho_z11,True,,left_only
2806,Ne_rho_z35,Te_rho_z12,True,,left_only
2807,Ne_rho_z35,Te_rho_z13,True,,left_only
2861,Ne_rho_z35,Wtot,True,,left_only
2862,Ne_rho_z36,DML,True,,left_only
2863,Ne_rho_z36,FIR_LIDs_LFS,True,,left_only
2864,Ne_rho_z36,IP,True,,left_only
2865,Ne_rho_z36,IPLA,True,,left_only
2918,Ne_rho_z36,Te_rho_z10,True,,left_only
2919,Ne_rho_z36,Te_rho_z11,True,,left_only
2920,Ne_rho_z36,Te_rho_z12,True,,left_only
2921,Ne_rho_z36,Te_rho_z13,True,,left_only
2974,Ne_rho_z36,Wtot,True,,left_only
2975,Ne_rho_z37,DML,True,,left_only
2976,Ne_rho_z37,FIR_LIDs_LFS,True,,left_only
2977,Ne_rho_z37,IP,True,,left_only
2978,Ne_rho_z37,IPLA,True,,left_only
3031,Ne_rho_z37,Te_rho_z10,True,,left_only
3032,Ne_rho_z37,Te_rho_z11,True,,left_only
3033,Ne_rho_z37,Te_rho_z12,True,,left_only
3034,Ne_rho_z37,Te_rho_z13,True,,left_only
3087,Ne_rho_z37,Wtot,True,,left_only
3088,Ne_rho_z38,DML,True,,left_only
3089,Ne_rho_z38,FIR_LIDs_LFS,True,,left_only
3090,Ne_rho_z38,IP,True,,left_only
3091,Ne_rho_z38,IPLA,True,,left_only
3144,Ne_rho_z38,Te_rho_z10,True,,left_only
3145,Ne_rho_z38,Te_rho_z11,True,,left_only
3146,Ne_rho_z38,Te_rho_z12,True,,left_only
3147,Ne_rho_z38,Te_rho_z13,True,,left_only
3199,Ne_rho_z38,Wtot,True,,left_only
3200,Ne_rho_z39,DML,True,,left_only
3201,Ne_rho_z39,FIR_LIDs_LFS,True,,left_only
3202,Ne_rho_z39,IP,True,,left_only
3203,Ne_rho_z39,IPLA,True,,left_only
3256,Ne_rho_z39,Te_rho_z10,True,,left_only
3257,Ne_rho_z39,Te_rho_z11,True,,left_only
3258,Ne_rho_z39,Te_rho_z12,True,,left_only
3259,Ne_rho_z39,Te_rho_z13,True,,left_only
3311,Ne_rho_z39,Wtot,True,,left_only
3322,Ne_rho_z40,DML,True,,left_only
3323,Ne_rho_z40,FIR_LIDs_LFS,True,,left_only
3324,Ne_rho_z40,IP,True,,left_only
3325,Ne_rho_z40,IPLA,True,,left_only
3378,Ne_rho_z40,Te_rho_z11,True,,left_only
3379,Ne_rho_z40,Te_rho_z12,True,,left_only
3380,Ne_rho_z40,Te_rho_z13,True,,left_only
3432,Ne_rho_z40,Wtot,True,,left_only
3433,Ne_rho_z41,DML,True,,left_only
3434,Ne_rho_z41,FIR_LIDs_LFS,True,,left_only
3435,Ne_rho_z41,IP,True,,left_only
3436,Ne_rho_z41,IPLA,True,,left_only
3489,Ne_rho_z41,Te_rho_z11,True,,left_only
3490,Ne_rho_z41,Te_rho_z12,True,,left_only
3491,Ne_rho_z41,Te_rho_z13,True,,left_only
3543,Ne_rho_z41,Wtot,True,,left_only
3544,Ne_rho_z42,DML,True,,left_only
3545,Ne_rho_z42,FIR_LIDs_LFS,True,,left_only
3546,Ne_rho_z42,IP,True,,left_only
3547,Ne_rho_z42,IPLA,True,,left_only
3600,Ne_rho_z42,Te_rho_z11,True,,left_only
3601,Ne_rho_z42,Te_rho_z12,True,,left_only
3602,Ne_rho_z42,Te_rho_z13,True,,left_only
3654,Ne_rho_z42,Wtot,True,,left_only
3655,Ne_rho_z43,DML,True,,left_only
3656,Ne_rho_z43,FIR_LIDs_LFS,True,,left_only
3657,Ne_rho_z43,IP,True,,left_only
3658,Ne_rho_z43,IPLA,True,,left_only
3711,Ne_rho_z43,Te_rho_z11,True,,left_only
3712,Ne_rho_z43,Te_rho_z12,True,,left_only
3713,Ne_rho_z43,Te_rho_z13,True,,left_only
3765,Ne_rho_z43,Wtot,True,,left_only
3766,Ne_rho_z44,DML,True,,left_only
3767,Ne_rho_z44,FIR_LIDs_LFS,True,,left_only
3768,Ne_rho_z44,IP,True,,left_only
3769,Ne_rho_z44,IPLA,True,,left_only
3822,Ne_rho_z44,Te_rho_z11,True,,left_only
3823,Ne_rho_z44,Te_rho_z12,True,,left_only
3824,Ne_rho_z44,Te_rho_z13,True,,left_only
3876,Ne_rho_z44,Wtot,True,,left_only
3877,Ne_rho_z45,DML,True,,left_only
3878,Ne_rho_z45,FIR_LIDs_LFS,True,,left_only
3879,Ne_rho_z45,IP,True,,left_only
3880,Ne_rho_z45,IPLA,True,,left_only
3933,Ne_rho_z45,Te_rho_z11,True,,left_only
3934,Ne_rho_z45,Te_rho_z12,True,,left_only
3935,Ne_rho_z45,Te_rho_z13,True,,left_only
3988,Ne_rho_z45,Wtot,True,,left_only
3989,Ne_rho_z46,DML,True,,left_only
3990,Ne_rho_z46,FIR_LIDs_LFS,True,,left_only
3991,Ne_rho_z46,IP,True,,left_only
3992,Ne_rho_z46,IPLA,True,,left_only
4045,Ne_rho_z46,POHM,True,,left_only
4046,Ne_rho_z46,Te_rho_z11,True,,left_only
4047,Ne_rho_z46,Te_rho_z12,True,,left_only
4048,Ne_rho_z46,Te_rho_z13,True,,left_only
4101,Ne_rho_z46,Wtot,True,,left_only
4102,Ne_rho_z47,DML,True,,left_only
4103,Ne_rho_z47,FIR_LIDs_LFS,True,,left_only
4104,Ne_rho_z47,IP,True,,left_only
4105,Ne_rho_z47,IPLA,True,,left_only
4158,Ne_rho_z47,POHM,True,,left_only
4159,Ne_rho_z47,Te_rho_z11,True,,left_only
4160,Ne_rho_z47,Te_rho_z12,True,,left_only
4161,Ne_rho_z47,Te_rho_z13,True,,left_only
4214,Ne_rho_z47,Wtot,True,,left_only
4215,Ne_rho_z48,DML,True,,left_only
4216,Ne_rho_z48,FIR_LIDs_LFS,True,,left_only
4217,Ne_rho_z48,IP,True,,left_only
4218,Ne_rho_z48,IPLA,True,,left_only
4271,Ne_rho_z48,POHM,True,,left_only
4272,Ne_rho_z48,Te_rho_z12,True,,left_only
4273,Ne_rho_z48,Te_rho_z13,True,,left_only
4326,Ne_rho_z48,Te_rho_z66,True,,left_only
4327,Ne_rho_z48,Wtot,True,,left_only
4328,Ne_rho_z49,DML,True,,left_only
4329,Ne_rho_z49,FIR_LIDs_LFS,True,,left_only
4330,Ne_rho_z49,IP,True,,left_only
4331,Ne_rho_z49,IPLA,True,,left_only
4384,Ne_rho_z49,POHM,True,,left_only
4385,Ne_rho_z49,Te_rho_z12,True,,left_only
4386,Ne_rho_z49,Te_rho_z13,True,,left_only
4440,Ne_rho_z49,Te_rho_z67,True,,left_only
4441,Ne_rho_z49,Wtot,True,,left_only
4445,Ne_rho_z5,Ne_rho_z12,True,,left_only
4453,Ne_rho_z50,DML,True,,left_only
4454,Ne_rho_z50,FIR_LIDs_LFS,True,,left_only
4455,Ne_rho_z50,IP,True,,left_only
4456,Ne_rho_z50,IPLA,True,,left_only
4509,Ne_rho_z50,POHM,True,,left_only
4510,Ne_rho_z50,Te_rho_z12,True,,left_only
4511,Ne_rho_z50,Te_rho_z13,True,,left_only
4565,Ne_rho_z50,Te_rho_z67,True,,left_only
4566,Ne_rho_z50,Wtot,True,,left_only
4567,Ne_rho_z51,DML,True,,left_only
4568,Ne_rho_z51,FIR_LIDs_LFS,True,,left_only
4569,Ne_rho_z51,IP,True,,left_only
4570,Ne_rho_z51,IPLA,True,,left_only
4623,Ne_rho_z51,POHM,True,,left_only
4624,Ne_rho_z51,Te_rho_z13,True,,left_only
4678,Ne_rho_z51,Te_rho_z67,True,,left_only
4679,Ne_rho_z51,Wtot,True,,left_only
4680,Ne_rho_z52,DML,True,,left_only
4681,Ne_rho_z52,FIR_LIDs_LFS,True,,left_only
4682,Ne_rho_z52,IP,True,,left_only
4683,Ne_rho_z52,IPLA,True,,left_only
4736,Ne_rho_z52,POHM,True,,left_only
4737,Ne_rho_z52,Te_rho_z13,True,,left_only
4792,Ne_rho_z52,Wtot,True,,left_only
4793,Ne_rho_z53,DML,True,,left_only
4794,Ne_rho_z53,FIR_LIDs_LFS,True,,left_only
4795,Ne_rho_z53,IP,True,,left_only
4796,Ne_rho_z53,IPLA,True,,left_only
4849,Ne_rho_z53,POHM,True,,left_only
4904,Ne_rho_z53,Wtot,True,,left_only
4905,Ne_rho_z54,DML,True,,left_only
4906,Ne_rho_z54,FIR_LIDs_LFS,True,,left_only
4907,Ne_rho_z54,IP,True,,left_only
4908,Ne_rho_z54,IPLA,True,,left_only
4961,Ne_rho_z54,POHM,True,,left_only
5016,Ne_rho_z54,Wtot,True,,left_only
5017,Ne_rho_z55,DML,True,,left_only
5018,Ne_rho_z55,FIR_LIDs_LFS,True,,left_only
5019,Ne_rho_z55,IP,True,,left_only
5020,Ne_rho_z55,IPLA,True,,left_only
5074,Ne_rho_z55,POHM,True,,left_only
5129,Ne_rho_z55,Wtot,True,,left_only
5130,Ne_rho_z56,DML,True,,left_only
5131,Ne_rho_z56,FIR_LIDs_LFS,True,,left_only
5132,Ne_rho_z56,IP,True,,left_only
5133,Ne_rho_z56,IPLA,True,,left_only
5187,Ne_rho_z56,POHM,True,,left_only
5242,Ne_rho_z56,Wtot,True,,left_only
5243,Ne_rho_z57,DML,True,,left_only
5244,Ne_rho_z57,FIR_LIDs_LFS,True,,left_only
5245,Ne_rho_z57,IP,True,,left_only
5246,Ne_rho_z57,IPLA,True,,left_only
5354,Ne_rho_z57,Wtot,True,,left_only
5355,Ne_rho_z58,DML,True,,left_only
5356,Ne_rho_z58,FIR_LIDs_LFS,True,,left_only
5357,Ne_rho_z58,IP,True,,left_only
5466,Ne_rho_z58,Wtot,True,,left_only
5575,Ne_rho_z6,Ne_rho_z1,True,,left_only
5578,Ne_rho_z6,Ne_rho_z12,True,,left_only
5579,Ne_rho_z6,Ne_rho_z13,True,,left_only
5580,Ne_rho_z6,Ne_rho_z14,True,,left_only
5581,Ne_rho_z6,Ne_rho_z2,True,,left_only
6446,Ne_rho_z7,Ne_rho_z1,True,,left_only
6449,Ne_rho_z7,Ne_rho_z12,True,,left_only
6450,Ne_rho_z7,Ne_rho_z13,True,,left_only
6451,Ne_rho_z7,Ne_rho_z14,True,,left_only
6452,Ne_rho_z7,Ne_rho_z15,True,,left_only
6453,Ne_rho_z7,Ne_rho_z2,True,,left_only
6460,Ne_rho_z8,Ne_rho_z1,True,,left_only
6463,Ne_rho_z8,Ne_rho_z12,True,,left_only
6464,Ne_rho_z8,Ne_rho_z13,True,,left_only
6465,Ne_rho_z8,Ne_rho_z14,True,,left_only
6466,Ne_rho_z8,Ne_rho_z15,True,,left_only
6467,Ne_rho_z8,Ne_rho_z16,True,,left_only
6468,Ne_rho_z8,Ne_rho_z2,True,,left_only
6475,Ne_rho_z9,Ne_rho_z1,True,,left_only
6479,Ne_rho_z9,Ne_rho_z13,True,,left_only
6480,Ne_rho_z9,Ne_rho_z14,True,,left_only
6481,Ne_rho_z9,Ne_rho_z15,True,,left_only
6482,Ne_rho_z9,Ne_rho_z16,True,,left_only
6483,Ne_rho_z9,Ne_rho_z17,True,,left_only
6484,Ne_rho_z9,Ne_rho_z2,True,,left_only
6491,POHM,DML,True,,left_only
6492,POHM,FIR_LIDs_HFS,True,,left_only
6493,POHM,FIR_LIDs_core,True,,left_only
6494,POHM,IP,True,,left_only
6495,POHM,IPLA,True,,left_only
6496,POHM,Ne_rho_z22,True,,left_only
6497,POHM,Ne_rho_z23,True,,left_only
6498,POHM,Ne_rho_z24,True,,left_only
6499,POHM,Ne_rho_z25,True,,left_only
6500,POHM,Ne_rho_z26,True,,left_only
6501,POHM,Ne_rho_z27,True,,left_only
6502,POHM,Ne_rho_z28,True,,left_only
6503,POHM,Ne_rho_z29,True,,left_only
6504,POHM,Ne_rho_z30,True,,left_only
6505,POHM,Ne_rho_z31,True,,left_only
6506,POHM,Ne_rho_z32,True,,left_only
6507,POHM,Ne_rho_z33,True,,left_only
6508,POHM,Ne_rho_z46,True,,left_only
6509,POHM,Ne_rho_z47,True,,left_only
6510,POHM,Ne_rho_z48,True,,left_only
6511,POHM,Ne_rho_z49,True,,left_only
6512,POHM,Ne_rho_z50,True,,left_only
6513,POHM,Ne_rho_z51,True,,left_only
6514,POHM,Ne_rho_z52,True,,left_only
6515,POHM,Ne_rho_z53,True,,left_only
6516,POHM,Ne_rho_z54,True,,left_only
6517,POHM,Ne_rho_z55,True,,left_only
6518,POHM,Ne_rho_z56,True,,left_only
6519,POHM,SXRcore,True,,left_only
6520,POHM,Te_rho_z1,True,,left_only
6521,POHM,Te_rho_z10,True,,left_only
6522,POHM,Te_rho_z11,True,,left_only
6523,POHM,Te_rho_z12,True,,left_only
6524,POHM,Te_rho_z13,True,,left_only
6525,POHM,Te_rho_z14,True,,left_only
6526,POHM,Te_rho_z15,True,,left_only
6527,POHM,Te_rho_z16,True,,left_only
6528,POHM,Te_rho_z17,True,,left_only
6529,POHM,Te_rho_z18,True,,left_only
6530,POHM,Te_rho_z2,True,,left_only
6531,POHM,Te_rho_z3,True,,left_only
6532,POHM,Te_rho_z4,True,,left_only
6533,POHM,Te_rho_z5,True,,left_only
6534,POHM,Te_rho_z6,True,,left_only
6535,POHM,Te_rho_z7,True,,left_only
6536,POHM,Te_rho_z8,True,,left_only
6537,POHM,Te_rho_z9,True,,left_only
6538,POHM,Wtot,True,,left_only
6539,SXRcore,DML,True,,left_only
6540,SXRcore,FIR_LIDs_HFS,True,,left_only
6541,SXRcore,FIR_LIDs_LFS,True,,left_only
6542,SXRcore,FIR_LIDs_core,True,,left_only
6543,SXRcore,IP,True,,left_only
6544,SXRcore,IPLA,True,,left_only
6545,SXRcore,Ne_rho_z27,True,,left_only
6546,SXRcore,POHM,True,,left_only
6547,SXRcore,Te_rho_z1,True,,left_only
6548,SXRcore,Te_rho_z10,True,,left_only
6549,SXRcore,Te_rho_z11,True,,left_only
6550,SXRcore,Te_rho_z12,True,,left_only
6551,SXRcore,Te_rho_z13,True,,left_only
6552,SXRcore,Te_rho_z14,True,,left_only
6553,SXRcore,Te_rho_z15,True,,left_only
6554,SXRcore,Te_rho_z16,True,,left_only
6555,SXRcore,Te_rho_z17,True,,left_only
6556,SXRcore,Te_rho_z2,True,,left_only
6557,SXRcore,Te_rho_z3,True,,left_only
6558,SXRcore,Te_rho_z4,True,,left_only
6559,SXRcore,Te_rho_z5,True,,left_only
6560,SXRcore,Te_rho_z6,True,,left_only
6561,SXRcore,Te_rho_z7,True,,left_only
6562,SXRcore,Te_rho_z8,True,,left_only
6563,SXRcore,Te_rho_z9,True,,left_only
6564,SXRcore,Wtot,True,,left_only
6565,Te_rho_z1,DML,True,,left_only
6566,Te_rho_z1,IP,True,,left_only
6567,Te_rho_z1,IPLA,True,,left_only
6568,Te_rho_z1,POHM,True,,left_only
6569,Te_rho_z1,SXRcore,True,,left_only
6572,Te_rho_z1,Te_rho_z12,True,,left_only
6573,Te_rho_z1,Te_rho_z13,True,,left_only
6574,Te_rho_z1,Te_rho_z14,True,,left_only
6575,Te_rho_z1,Te_rho_z15,True,,left_only
6576,Te_rho_z1,Te_rho_z16,True,,left_only
6577,Te_rho_z1,Te_rho_z17,True,,left_only
6578,Te_rho_z1,Te_rho_z18,True,,left_only
6579,Te_rho_z1,Te_rho_z19,True,,left_only
6581,Te_rho_z1,Te_rho_z20,True,,left_only
6582,Te_rho_z1,Te_rho_z23,True,,left_only
6583,Te_rho_z1,Te_rho_z24,True,,left_only
6584,Te_rho_z1,Te_rho_z25,True,,left_only
6585,Te_rho_z1,Te_rho_z26,True,,left_only
6586,Te_rho_z1,Te_rho_z27,True,,left_only
6587,Te_rho_z1,Te_rho_z28,True,,left_only
6588,Te_rho_z1,Te_rho_z29,True,,left_only
6590,Te_rho_z1,Te_rho_z30,True,,left_only
6591,Te_rho_z1,Te_rho_z31,True,,left_only
6592,Te_rho_z1,Te_rho_z32,True,,left_only
6593,Te_rho_z1,Te_rho_z33,True,,left_only
6594,Te_rho_z1,Te_rho_z34,True,,left_only
6595,Te_rho_z1,Te_rho_z35,True,,left_only
6596,Te_rho_z1,Te_rho_z36,True,,left_only
6597,Te_rho_z1,Te_rho_z37,True,,left_only
6598,Te_rho_z1,Te_rho_z38,True,,left_only
6599,Te_rho_z1,Te_rho_z39,True,,left_only
6601,Te_rho_z1,Te_rho_z40,True,,left_only
6602,Te_rho_z1,Te_rho_z41,True,,left_only
6603,Te_rho_z1,Te_rho_z42,True,,left_only
6604,Te_rho_z1,Te_rho_z43,True,,left_only
6605,Te_rho_z1,Te_rho_z44,True,,left_only
6606,Te_rho_z1,Te_rho_z45,True,,left_only
6607,Te_rho_z1,Te_rho_z46,True,,left_only
6608,Te_rho_z1,Te_rho_z47,True,,left_only
6614,Te_rho_z1,Wtot,True,,left_only
6615,Te_rho_z10,DML,True,,left_only
6616,Te_rho_z10,IP,True,,left_only
6617,Te_rho_z10,IPLA,True,,left_only
6618,Te_rho_z10,Ne_rho_z27,True,,left_only
6619,Te_rho_z10,Ne_rho_z28,True,,left_only
6620,Te_rho_z10,Ne_rho_z29,True,,left_only
6621,Te_rho_z10,Ne_rho_z30,True,,left_only
6622,Te_rho_z10,Ne_rho_z31,True,,left_only
6623,Te_rho_z10,Ne_rho_z32,True,,left_only
6624,Te_rho_z10,Ne_rho_z33,True,,left_only
6625,Te_rho_z10,Ne_rho_z34,True,,left_only
6626,Te_rho_z10,Ne_rho_z35,True,,left_only
6627,Te_rho_z10,Ne_rho_z36,True,,left_only
6628,Te_rho_z10,Ne_rho_z37,True,,left_only
6629,Te_rho_z10,Ne_rho_z38,True,,left_only
6630,Te_rho_z10,Ne_rho_z39,True,,left_only
6631,Te_rho_z10,POHM,True,,left_only
6632,Te_rho_z10,SXRcore,True,,left_only
6635,Te_rho_z10,Te_rho_z12,True,,left_only
6636,Te_rho_z10,Te_rho_z13,True,,left_only
6637,Te_rho_z10,Te_rho_z14,True,,left_only
6638,Te_rho_z10,Te_rho_z15,True,,left_only
6639,Te_rho_z10,Te_rho_z16,True,,left_only
6640,Te_rho_z10,Te_rho_z17,True,,left_only
6641,Te_rho_z10,Te_rho_z18,True,,left_only
6642,Te_rho_z10,Te_rho_z19,True,,left_only
6644,Te_rho_z10,Te_rho_z20,True,,left_only
6645,Te_rho_z10,Te_rho_z21,True,,left_only
6646,Te_rho_z10,Te_rho_z22,True,,left_only
6647,Te_rho_z10,Te_rho_z23,True,,left_only
6648,Te_rho_z10,Te_rho_z24,True,,left_only
6649,Te_rho_z10,Te_rho_z25,True,,left_only
6650,Te_rho_z10,Te_rho_z26,True,,left_only
6651,Te_rho_z10,Te_rho_z27,True,,left_only
6652,Te_rho_z10,Te_rho_z28,True,,left_only
6653,Te_rho_z10,Te_rho_z29,True,,left_only
6655,Te_rho_z10,Te_rho_z30,True,,left_only
6656,Te_rho_z10,Te_rho_z31,True,,left_only
6657,Te_rho_z10,Te_rho_z32,True,,left_only
6658,Te_rho_z10,Te_rho_z33,True,,left_only
6659,Te_rho_z10,Te_rho_z34,True,,left_only
6660,Te_rho_z10,Te_rho_z35,True,,left_only
6661,Te_rho_z10,Te_rho_z36,True,,left_only
6662,Te_rho_z10,Te_rho_z37,True,,left_only
6663,Te_rho_z10,Te_rho_z38,True,,left_only
6664,Te_rho_z10,Te_rho_z39,True,,left_only
6666,Te_rho_z10,Te_rho_z40,True,,left_only
6667,Te_rho_z10,Te_rho_z41,True,,left_only
6668,Te_rho_z10,Te_rho_z42,True,,left_only
6669,Te_rho_z10,Te_rho_z43,True,,left_only
6670,Te_rho_z10,Te_rho_z44,True,,left_only
6671,Te_rho_z10,Te_rho_z45,True,,left_only
6672,Te_rho_z10,Te_rho_z46,True,,left_only
6673,Te_rho_z10,Te_rho_z47,True,,left_only
6674,Te_rho_z10,Te_rho_z48,True,,left_only
6675,Te_rho_z10,Te_rho_z49,True,,left_only
6677,Te_rho_z10,Te_rho_z50,True,,left_only
6678,Te_rho_z10,Te_rho_z51,True,,left_only
6679,Te_rho_z10,Te_rho_z52,True,,left_only
6684,Te_rho_z10,Wtot,True,,left_only
6685,Te_rho_z11,DML,True,,left_only
6686,Te_rho_z11,IP,True,,left_only
6687,Te_rho_z11,IPLA,True,,left_only
6688,Te_rho_z11,Ne_rho_z26,True,,left_only
6689,Te_rho_z11,Ne_rho_z27,True,,left_only
6690,Te_rho_z11,Ne_rho_z28,True,,left_only
6691,Te_rho_z11,Ne_rho_z29,True,,left_only
6692,Te_rho_z11,Ne_rho_z30,True,,left_only
6693,Te_rho_z11,Ne_rho_z31,True,,left_only
6694,Te_rho_z11,Ne_rho_z32,True,,left_only
6695,Te_rho_z11,Ne_rho_z33,True,,left_only
6696,Te_rho_z11,Ne_rho_z34,True,,left_only
6697,Te_rho_z11,Ne_rho_z35,True,,left_only
6698,Te_rho_z11,Ne_rho_z36,True,,left_only
6699,Te_rho_z11,Ne_rho_z37,True,,left_only
6700,Te_rho_z11,Ne_rho_z38,True,,left_only
6701,Te_rho_z11,Ne_rho_z39,True,,left_only
6702,Te_rho_z11,Ne_rho_z40,True,,left_only
6703,Te_rho_z11,Ne_rho_z41,True,,left_only
6704,Te_rho_z11,Ne_rho_z42,True,,left_only
6705,Te_rho_z11,Ne_rho_z43,True,,left_only
6706,Te_rho_z11,Ne_rho_z44,True,,left_only
6707,Te_rho_z11,Ne_rho_z45,True,,left_only
6708,Te_rho_z11,Ne_rho_z46,True,,left_only
6709,Te_rho_z11,Ne_rho_z47,True,,left_only
6710,Te_rho_z11,POHM,True,,left_only
6711,Te_rho_z11,SXRcore,True,,left_only
6715,Te_rho_z11,Te_rho_z13,True,,left_only
6716,Te_rho_z11,Te_rho_z14,True,,left_only
6717,Te_rho_z11,Te_rho_z15,True,,left_only
6718,Te_rho_z11,Te_rho_z16,True,,left_only
6719,Te_rho_z11,Te_rho_z17,True,,left_only
6720,Te_rho_z11,Te_rho_z18,True,,left_only
6721,Te_rho_z11,Te_rho_z19,True,,left_only
6723,Te_rho_z11,Te_rho_z20,True,,left_only
6724,Te_rho_z11,Te_rho_z21,True,,left_only
6725,Te_rho_z11,Te_rho_z22,True,,left_only
6726,Te_rho_z11,Te_rho_z23,True,,left_only
6727,Te_rho_z11,Te_rho_z24,True,,left_only
6728,Te_rho_z11,Te_rho_z25,True,,left_only
6729,Te_rho_z11,Te_rho_z26,True,,left_only
6730,Te_rho_z11,Te_rho_z27,True,,left_only
6731,Te_rho_z11,Te_rho_z28,True,,left_only
6732,Te_rho_z11,Te_rho_z29,True,,left_only
6734,Te_rho_z11,Te_rho_z30,True,,left_only
6735,Te_rho_z11,Te_rho_z31,True,,left_only
6736,Te_rho_z11,Te_rho_z32,True,,left_only
6737,Te_rho_z11,Te_rho_z33,True,,left_only
6738,Te_rho_z11,Te_rho_z34,True,,left_only
6739,Te_rho_z11,Te_rho_z35,True,,left_only
6740,Te_rho_z11,Te_rho_z36,True,,left_only
6741,Te_rho_z11,Te_rho_z37,True,,left_only
6742,Te_rho_z11,Te_rho_z38,True,,left_only
6743,Te_rho_z11,Te_rho_z39,True,,left_only
6745,Te_rho_z11,Te_rho_z40,True,,left_only
6746,Te_rho_z11,Te_rho_z41,True,,left_only
6747,Te_rho_z11,Te_rho_z42,True,,left_only
6748,Te_rho_z11,Te_rho_z43,True,,left_only
6749,Te_rho_z11,Te_rho_z44,True,,left_only
6750,Te_rho_z11,Te_rho_z45,True,,left_only
6751,Te_rho_z11,Te_rho_z46,True,,left_only
6752,Te_rho_z11,Te_rho_z47,True,,left_only
6753,Te_rho_z11,Te_rho_z48,True,,left_only
6754,Te_rho_z11,Te_rho_z49,True,,left_only
6756,Te_rho_z11,Te_rho_z50,True,,left_only
6757,Te_rho_z11,Te_rho_z51,True,,left_only
6758,Te_rho_z11,Te_rho_z52,True,,left_only
6759,Te_rho_z11,Te_rho_z53,True,,left_only
6760,Te_rho_z11,Te_rho_z54,True,,left_only
6765,Te_rho_z11,Wtot,True,,left_only
6766,Te_rho_z12,DML,True,,left_only
6767,Te_rho_z12,FIR_LIDs_LFS,True,,left_only
6768,Te_rho_z12,FIR_LIDs_core,True,,left_only
6769,Te_rho_z12,IP,True,,left_only
6770,Te_rho_z12,IPLA,True,,left_only
6771,Te_rho_z12,Ne_rho_z25,True,,left_only
6772,Te_rho_z12,Ne_rho_z26,True,,left_only
6773,Te_rho_z12,Ne_rho_z27,True,,left_only
6774,Te_rho_z12,Ne_rho_z28,True,,left_only
6775,Te_rho_z12,Ne_rho_z29,True,,left_only
6776,Te_rho_z12,Ne_rho_z30,True,,left_only
6777,Te_rho_z12,Ne_rho_z31,True,,left_only
6778,Te_rho_z12,Ne_rho_z32,True,,left_only
6779,Te_rho_z12,Ne_rho_z33,True,,left_only
6780,Te_rho_z12,Ne_rho_z34,True,,left_only
6781,Te_rho_z12,Ne_rho_z35,True,,left_only
6782,Te_rho_z12,Ne_rho_z36,True,,left_only
6783,Te_rho_z12,Ne_rho_z37,True,,left_only
6784,Te_rho_z12,Ne_rho_z38,True,,left_only
6785,Te_rho_z12,Ne_rho_z39,True,,left_only
6786,Te_rho_z12,Ne_rho_z40,True,,left_only
6787,Te_rho_z12,Ne_rho_z41,True,,left_only
6788,Te_rho_z12,Ne_rho_z42,True,,left_only
6789,Te_rho_z12,Ne_rho_z43,True,,left_only
6790,Te_rho_z12,Ne_rho_z44,True,,left_only
6791,Te_rho_z12,Ne_rho_z45,True,,left_only
6792,Te_rho_z12,Ne_rho_z46,True,,left_only
6793,Te_rho_z12,Ne_rho_z47,True,,left_only
6794,Te_rho_z12,Ne_rho_z48,True,,left_only
6795,Te_rho_z12,Ne_rho_z49,True,,left_only
6796,Te_rho_z12,Ne_rho_z50,True,,left_only
6797,Te_rho_z12,POHM,True,,left_only
6798,Te_rho_z12,SXRcore,True,,left_only
6799,Te_rho_z12,Te_rho_z1,True,,left_only
6800,Te_rho_z12,Te_rho_z10,True,,left_only
6803,Te_rho_z12,Te_rho_z14,True,,left_only
6804,Te_rho_z12,Te_rho_z15,True,,left_only
6805,Te_rho_z12,Te_rho_z16,True,,left_only
6806,Te_rho_z12,Te_rho_z17,True,,left_only
6807,Te_rho_z12,Te_rho_z18,True,,left_only
6808,Te_rho_z12,Te_rho_z19,True,,left_only
6809,Te_rho_z12,Te_rho_z2,True,,left_only
6810,Te_rho_z12,Te_rho_z20,True,,left_only
6811,Te_rho_z12,Te_rho_z21,True,,left_only
6812,Te_rho_z12,Te_rho_z22,True,,left_only
6813,Te_rho_z12,Te_rho_z23,True,,left_only
6814,Te_rho_z12,Te_rho_z24,True,,left_only
6815,Te_rho_z12,Te_rho_z25,True,,left_only
6816,Te_rho_z12,Te_rho_z26,True,,left_only
6817,Te_rho_z12,Te_rho_z27,True,,left_only
6818,Te_rho_z12,Te_rho_z28,True,,left_only
6819,Te_rho_z12,Te_rho_z29,True,,left_only
6820,Te_rho_z12,Te_rho_z3,True,,left_only
6821,Te_rho_z12,Te_rho_z30,True,,left_only
6822,Te_rho_z12,Te_rho_z31,True,,left_only
6823,Te_rho_z12,Te_rho_z32,True,,left_only
6824,Te_rho_z12,Te_rho_z33,True,,left_only
6825,Te_rho_z12,Te_rho_z34,True,,left_only
6826,Te_rho_z12,Te_rho_z35,True,,left_only
6827,Te_rho_z12,Te_rho_z36,True,,left_only
6828,Te_rho_z12,Te_rho_z37,True,,left_only
6829,Te_rho_z12,Te_rho_z38,True,,left_only
6830,Te_rho_z12,Te_rho_z39,True,,left_only
6831,Te_rho_z12,Te_rho_z4,True,,left_only
6832,Te_rho_z12,Te_rho_z40,True,,left_only
6833,Te_rho_z12,Te_rho_z41,True,,left_only
6834,Te_rho_z12,Te_rho_z42,True,,left_only
6835,Te_rho_z12,Te_rho_z43,True,,left_only
6836,Te_rho_z12,Te_rho_z44,True,,left_only
6837,Te_rho_z12,Te_rho_z45,True,,left_only
6838,Te_rho_z12,Te_rho_z46,True,,left_only
6839,Te_rho_z12,Te_rho_z47,True,,left_only
6840,Te_rho_z12,Te_rho_z48,True,,left_only
6841,Te_rho_z12,Te_rho_z49,True,,left_only
6842,Te_rho_z12,Te_rho_z5,True,,left_only
6843,Te_rho_z12,Te_rho_z50,True,,left_only
6844,Te_rho_z12,Te_rho_z51,True,,left_only
6845,Te_rho_z12,Te_rho_z52,True,,left_only
6846,Te_rho_z12,Te_rho_z53,True,,left_only
6847,Te_rho_z12,Te_rho_z54,True,,left_only
6848,Te_rho_z12,Te_rho_z55,True,,left_only
6849,Te_rho_z12,Te_rho_z6,True,,left_only
6850,Te_rho_z12,Te_rho_z7,True,,left_only
6851,Te_rho_z12,Te_rho_z8,True,,left_only
6852,Te_rho_z12,Te_rho_z9,True,,left_only
6853,Te_rho_z12,Wtot,True,,left_only
6854,Te_rho_z13,DML,True,,left_only
6855,Te_rho_z13,FIR_LIDs_LFS,True,,left_only
6856,Te_rho_z13,FIR_LIDs_core,True,,left_only
6857,Te_rho_z13,IP,True,,left_only
6858,Te_rho_z13,IPLA,True,,left_only
6859,Te_rho_z13,Ne_rho_z25,True,,left_only
6860,Te_rho_z13,Ne_rho_z26,True,,left_only
6861,Te_rho_z13,Ne_rho_z27,True,,left_only
6862,Te_rho_z13,Ne_rho_z28,True,,left_only
6863,Te_rho_z13,Ne_rho_z29,True,,left_only
6864,Te_rho_z13,Ne_rho_z30,True,,left_only
6865,Te_rho_z13,Ne_rho_z31,True,,left_only
6866,Te_rho_z13,Ne_rho_z32,True,,left_only
6867,Te_rho_z13,Ne_rho_z33,True,,left_only
6868,Te_rho_z13,Ne_rho_z34,True,,left_only
6869,Te_rho_z13,Ne_rho_z35,True,,left_only
6870,Te_rho_z13,Ne_rho_z36,True,,left_only
6871,Te_rho_z13,Ne_rho_z37,True,,left_only
6872,Te_rho_z13,Ne_rho_z38,True,,left_only
6873,Te_rho_z13,Ne_rho_z39,True,,left_only
6874,Te_rho_z13,Ne_rho_z40,True,,left_only
6875,Te_rho_z13,Ne_rho_z41,True,,left_only
6876,Te_rho_z13,Ne_rho_z42,True,,left_only
6877,Te_rho_z13,Ne_rho_z43,True,,left_only
6878,Te_rho_z13,Ne_rho_z44,True,,left_only
6879,Te_rho_z13,Ne_rho_z45,True,,left_only
6880,Te_rho_z13,Ne_rho_z46,True,,left_only
6881,Te_rho_z13,Ne_rho_z47,True,,left_only
6882,Te_rho_z13,Ne_rho_z48,True,,left_only
6883,Te_rho_z13,Ne_rho_z49,True,,left_only
6884,Te_rho_z13,Ne_rho_z50,True,,left_only
6885,Te_rho_z13,Ne_rho_z51,True,,left_only
6886,Te_rho_z13,Ne_rho_z52,True,,left_only
6887,Te_rho_z13,POHM,True,,left_only
6888,Te_rho_z13,SXRcore,True,,left_only
6889,Te_rho_z13,Te_rho_z1,True,,left_only
6890,Te_rho_z13,Te_rho_z10,True,,left_only
6891,Te_rho_z13,Te_rho_z11,True,,left_only
6894,Te_rho_z13,Te_rho_z15,True,,left_only
6895,Te_rho_z13,Te_rho_z16,True,,left_only
6896,Te_rho_z13,Te_rho_z17,True,,left_only
6897,Te_rho_z13,Te_rho_z18,True,,left_only
6898,Te_rho_z13,Te_rho_z19,True,,left_only
6899,Te_rho_z13,Te_rho_z2,True,,left_only
6900,Te_rho_z13,Te_rho_z20,True,,left_only
6901,Te_rho_z13,Te_rho_z21,True,,left_only
6902,Te_rho_z13,Te_rho_z22,True,,left_only
6903,Te_rho_z13,Te_rho_z23,True,,left_only
6904,Te_rho_z13,Te_rho_z24,True,,left_only
6905,Te_rho_z13,Te_rho_z25,True,,left_only
6906,Te_rho_z13,Te_rho_z26,True,,left_only
6907,Te_rho_z13,Te_rho_z27,True,,left_only
6908,Te_rho_z13,Te_rho_z28,True,,left_only
6909,Te_rho_z13,Te_rho_z29,True,,left_only
6910,Te_rho_z13,Te_rho_z3,True,,left_only
6911,Te_rho_z13,Te_rho_z30,True,,left_only
6912,Te_rho_z13,Te_rho_z31,True,,left_only
6913,Te_rho_z13,Te_rho_z32,True,,left_only
6914,Te_rho_z13,Te_rho_z33,True,,left_only
6915,Te_rho_z13,Te_rho_z34,True,,left_only
6916,Te_rho_z13,Te_rho_z35,True,,left_only
6917,Te_rho_z13,Te_rho_z36,True,,left_only
6918,Te_rho_z13,Te_rho_z37,True,,left_only
6919,Te_rho_z13,Te_rho_z38,True,,left_only
6920,Te_rho_z13,Te_rho_z39,True,,left_only
6921,Te_rho_z13,Te_rho_z4,True,,left_only
6922,Te_rho_z13,Te_rho_z40,True,,left_only
6923,Te_rho_z13,Te_rho_z41,True,,left_only
6924,Te_rho_z13,Te_rho_z42,True,,left_only
6925,Te_rho_z13,Te_rho_z43,True,,left_only
6926,Te_rho_z13,Te_rho_z44,True,,left_only
6927,Te_rho_z13,Te_rho_z45,True,,left_only
6928,Te_rho_z13,Te_rho_z46,True,,left_only
6929,Te_rho_z13,Te_rho_z47,True,,left_only
6930,Te_rho_z13,Te_rho_z48,True,,left_only
6931,Te_rho_z13,Te_rho_z49,True,,left_only
6932,Te_rho_z13,Te_rho_z5,True,,left_only
6933,Te_rho_z13,Te_rho_z50,True,,left_only
6934,Te_rho_z13,Te_rho_z51,True,,left_only
6935,Te_rho_z13,Te_rho_z52,True,,left_only
6936,Te_rho_z13,Te_rho_z53,True,,left_only
6937,Te_rho_z13,Te_rho_z54,True,,left_only
6938,Te_rho_z13,Te_rho_z55,True,,left_only
6939,Te_rho_z13,Te_rho_z56,True,,left_only
6940,Te_rho_z13,Te_rho_z6,True,,left_only
6941,Te_rho_z13,Te_rho_z7,True,,left_only
6942,Te_rho_z13,Te_rho_z8,True,,left_only
6943,Te_rho_z13,Te_rho_z9,True,,left_only
6944,Te_rho_z13,Wtot,True,,left_only
6945,Te_rho_z14,DML,True,,left_only
6946,Te_rho_z14,FIR_LIDs_LFS,True,,left_only
6947,Te_rho_z14,FIR_LIDs_core,True,,left_only
6948,Te_rho_z14,IP,True,,left_only
6949,Te_rho_z14,IPLA,True,,left_only
6993,Te_rho_z14,POHM,True,,left_only
6994,Te_rho_z14,SXRcore,True,,left_only
6995,Te_rho_z14,Te_rho_z1,True,,left_only
6996,Te_rho_z14,Te_rho_z10,True,,left_only
6997,Te_rho_z14,Te_rho_z11,True,,left_only
6998,Te_rho_z14,Te_rho_z12,True,,left_only
7005,Te_rho_z14,Te_rho_z2,True,,left_only
7016,Te_rho_z14,Te_rho_z3,True,,left_only
7027,Te_rho_z14,Te_rho_z4,True,,left_only
7038,Te_rho_z14,Te_rho_z5,True,,left_only
7049,Te_rho_z14,Te_rho_z6,True,,left_only
7058,Te_rho_z14,Te_rho_z7,True,,left_only
7059,Te_rho_z14,Te_rho_z8,True,,left_only
7060,Te_rho_z14,Te_rho_z9,True,,left_only
7061,Te_rho_z14,Wtot,True,,left_only
7062,Te_rho_z15,DML,True,,left_only
7063,Te_rho_z15,FIR_LIDs_LFS,True,,left_only
7064,Te_rho_z15,IP,True,,left_only
7065,Te_rho_z15,IPLA,True,,left_only
7118,Te_rho_z15,POHM,True,,left_only
7119,Te_rho_z15,SXRcore,True,,left_only
7120,Te_rho_z15,Te_rho_z1,True,,left_only
7121,Te_rho_z15,Te_rho_z10,True,,left_only
7122,Te_rho_z15,Te_rho_z11,True,,left_only
7123,Te_rho_z15,Te_rho_z12,True,,left_only
7124,Te_rho_z15,Te_rho_z13,True,,left_only
7130,Te_rho_z15,Te_rho_z2,True,,left_only
7141,Te_rho_z15,Te_rho_z3,True,,left_only
7152,Te_rho_z15,Te_rho_z4,True,,left_only
7163,Te_rho_z15,Te_rho_z5,True,,left_only
7174,Te_rho_z15,Te_rho_z6,True,,left_only
7183,Te_rho_z15,Te_rho_z7,True,,left_only
7184,Te_rho_z15,Te_rho_z8,True,,left_only
7185,Te_rho_z15,Te_rho_z9,True,,left_only
7186,Te_rho_z15,Wtot,True,,left_only
7187,Te_rho_z16,DML,True,,left_only
7188,Te_rho_z16,FIR_LIDs_LFS,True,,left_only
7189,Te_rho_z16,IP,True,,left_only
7190,Te_rho_z16,IPLA,True,,left_only
7242,Te_rho_z16,POHM,True,,left_only
7243,Te_rho_z16,SXRcore,True,,left_only
7244,Te_rho_z16,Te_rho_z1,True,,left_only
7245,Te_rho_z16,Te_rho_z10,True,,left_only
7246,Te_rho_z16,Te_rho_z11,True,,left_only
7247,Te_rho_z16,Te_rho_z12,True,,left_only
7248,Te_rho_z16,Te_rho_z13,True,,left_only
7254,Te_rho_z16,Te_rho_z2,True,,left_only
7265,Te_rho_z16,Te_rho_z3,True,,left_only
7276,Te_rho_z16,Te_rho_z4,True,,left_only
7287,Te_rho_z16,Te_rho_z5,True,,left_only
7298,Te_rho_z16,Te_rho_z6,True,,left_only
7307,Te_rho_z16,Te_rho_z7,True,,left_only
7308,Te_rho_z16,Te_rho_z8,True,,left_only
7309,Te_rho_z16,Te_rho_z9,True,,left_only
7310,Te_rho_z16,Wtot,True,,left_only
7311,Te_rho_z17,DML,True,,left_only
7312,Te_rho_z17,FIR_LIDs_LFS,True,,left_only
7313,Te_rho_z17,IP,True,,left_only
7314,Te_rho_z17,IPLA,True,,left_only
7366,Te_rho_z17,POHM,True,,left_only
7367,Te_rho_z17,SXRcore,True,,left_only
7368,Te_rho_z17,Te_rho_z1,True,,left_only
7369,Te_rho_z17,Te_rho_z10,True,,left_only
7370,Te_rho_z17,Te_rho_z11,True,,left_only
7371,Te_rho_z17,Te_rho_z12,True,,left_only
7372,Te_rho_z17,Te_rho_z13,True,,left_only
7378,Te_rho_z17,Te_rho_z2,True,,left_only
7389,Te_rho_z17,Te_rho_z3,True,,left_only
7400,Te_rho_z17,Te_rho_z4,True,,left_only
7411,Te_rho_z17,Te_rho_z5,True,,left_only
7422,Te_rho_z17,Te_rho_z6,True,,left_only
7431,Te_rho_z17,Te_rho_z7,True,,left_only
7432,Te_rho_z17,Te_rho_z8,True,,left_only
7433,Te_rho_z17,Te_rho_z9,True,,left_only
7434,Te_rho_z17,Wtot,True,,left_only
7435,Te_rho_z18,DML,True,,left_only
7436,Te_rho_z18,FIR_LIDs_LFS,True,,left_only
7437,Te_rho_z18,IP,True,,left_only
7438,Te_rho_z18,IPLA,True,,left_only
7490,Te_rho_z18,POHM,True,,left_only
7491,Te_rho_z18,Te_rho_z1,True,,left_only
7492,Te_rho_z18,Te_rho_z10,True,,left_only
7493,Te_rho_z18,Te_rho_z11,True,,left_only
7494,Te_rho_z18,Te_rho_z12,True,,left_only
7495,Te_rho_z18,Te_rho_z13,True,,left_only
7501,Te_rho_z18,Te_rho_z2,True,,left_only
7512,Te_rho_z18,Te_rho_z3,True,,left_only
7523,Te_rho_z18,Te_rho_z4,True,,left_only
7534,Te_rho_z18,Te_rho_z5,True,,left_only
7545,Te_rho_z18,Te_rho_z6,True,,left_only
7554,Te_rho_z18,Te_rho_z7,True,,left_only
7555,Te_rho_z18,Te_rho_z8,True,,left_only
7556,Te_rho_z18,Te_rho_z9,True,,left_only
7557,Te_rho_z18,Wtot,True,,left_only
7558,Te_rho_z19,DML,True,,left_only
7559,Te_rho_z19,FIR_LIDs_LFS,True,,left_only
7560,Te_rho_z19,IP,True,,left_only
7561,Te_rho_z19,IPLA,True,,left_only
7613,Te_rho_z19,Te_rho_z1,True,,left_only
7614,Te_rho_z19,Te_rho_z10,True,,left_only
7615,Te_rho_z19,Te_rho_z11,True,,left_only
7616,Te_rho_z19,Te_rho_z12,True,,left_only
7617,Te_rho_z19,Te_rho_z13,True,,left_only
7623,Te_rho_z19,Te_rho_z2,True,,left_only
7634,Te_rho_z19,Te_rho_z3,True,,left_only
7645,Te_rho_z19,Te_rho_z4,True,,left_only
7656,Te_rho_z19,Te_rho_z5,True,,left_only
7667,Te_rho_z19,Te_rho_z6,True,,left_only
7676,Te_rho_z19,Te_rho_z7,True,,left_only
7677,Te_rho_z19,Te_rho_z8,True,,left_only
7678,Te_rho_z19,Te_rho_z9,True,,left_only
7679,Te_rho_z19,Wtot,True,,left_only
7680,Te_rho_z2,DML,True,,left_only
7681,Te_rho_z2,IP,True,,left_only
7682,Te_rho_z2,IPLA,True,,left_only
7683,Te_rho_z2,POHM,True,,left_only
7684,Te_rho_z2,SXRcore,True,,left_only
7688,Te_rho_z2,Te_rho_z12,True,,left_only
7689,Te_rho_z2,Te_rho_z13,True,,left_only
7690,Te_rho_z2,Te_rho_z14,True,,left_only
7691,Te_rho_z2,Te_rho_z15,True,,left_only
7692,Te_rho_z2,Te_rho_z16,True,,left_only
7693,Te_rho_z2,Te_rho_z17,True,,left_only
7694,Te_rho_z2,Te_rho_z18,True,,left_only
7695,Te_rho_z2,Te_rho_z19,True,,left_only
7696,Te_rho_z2,Te_rho_z20,True,,left_only
7697,Te_rho_z2,Te_rho_z23,True,,left_only
7698,Te_rho_z2,Te_rho_z24,True,,left_only
7699,Te_rho_z2,Te_rho_z25,True,,left_only
7700,Te_rho_z2,Te_rho_z26,True,,left_only
7701,Te_rho_z2,Te_rho_z27,True,,left_only
7702,Te_rho_z2,Te_rho_z28,True,,left_only
7703,Te_rho_z2,Te_rho_z29,True,,left_only
7705,Te_rho_z2,Te_rho_z30,True,,left_only
7706,Te_rho_z2,Te_rho_z31,True,,left_only
7707,Te_rho_z2,Te_rho_z32,True,,left_only
7708,Te_rho_z2,Te_rho_z33,True,,left_only
7709,Te_rho_z2,Te_rho_z34,True,,left_only
7710,Te_rho_z2,Te_rho_z35,True,,left_only
7711,Te_rho_z2,Te_rho_z36,True,,left_only
7712,Te_rho_z2,Te_rho_z37,True,,left_only
7713,Te_rho_z2,Te_rho_z38,True,,left_only
7714,Te_rho_z2,Te_rho_z39,True,,left_only
7716,Te_rho_z2,Te_rho_z40,True,,left_only
7717,Te_rho_z2,Te_rho_z41,True,,left_only
7718,Te_rho_z2,Te_rho_z42,True,,left_only
7719,Te_rho_z2,Te_rho_z43,True,,left_only
7720,Te_rho_z2,Te_rho_z44,True,,left_only
7721,Te_rho_z2,Te_rho_z45,True,,left_only
7722,Te_rho_z2,Te_rho_z46,True,,left_only
7723,Te_rho_z2,Te_rho_z47,True,,left_only
7729,Te_rho_z2,Wtot,True,,left_only
7730,Te_rho_z20,DML,True,,left_only
7731,Te_rho_z20,FIR_LIDs_LFS,True,,left_only
7732,Te_rho_z20,IP,True,,left_only
7733,Te_rho_z20,IPLA,True,,left_only
7785,Te_rho_z20,Te_rho_z1,True,,left_only
7786,Te_rho_z20,Te_rho_z10,True,,left_only
7787,Te_rho_z20,Te_rho_z11,True,,left_only
7788,Te_rho_z20,Te_rho_z12,True,,left_only
7789,Te_rho_z20,Te_rho_z13,True,,left_only
7796,Te_rho_z20,Te_rho_z2,True,,left_only
7806,Te_rho_z20,Te_rho_z3,True,,left_only
7817,Te_rho_z20,Te_rho_z4,True,,left_only
7828,Te_rho_z20,Te_rho_z5,True,,left_only
7839,Te_rho_z20,Te_rho_z6,True,,left_only
7848,Te_rho_z20,Te_rho_z7,True,,left_only
7849,Te_rho_z20,Te_rho_z8,True,,left_only
7850,Te_rho_z20,Te_rho_z9,True,,left_only
7851,Te_rho_z20,Wtot,True,,left_only
7852,Te_rho_z21,DML,True,,left_only
7853,Te_rho_z21,FIR_LIDs_LFS,True,,left_only
7854,Te_rho_z21,IP,True,,left_only
7855,Te_rho_z21,IPLA,True,,left_only
7907,Te_rho_z21,Te_rho_z10,True,,left_only
7908,Te_rho_z21,Te_rho_z11,True,,left_only
7909,Te_rho_z21,Te_rho_z12,True,,left_only
7910,Te_rho_z21,Te_rho_z13,True,,left_only
7964,Te_rho_z21,Te_rho_z9,True,,left_only
7965,Te_rho_z21,Wtot,True,,left_only
7966,Te_rho_z22,DML,True,,left_only
7967,Te_rho_z22,FIR_LIDs_LFS,True,,left_only
7968,Te_rho_z22,IP,True,,left_only
7969,Te_rho_z22,IPLA,True,,left_only
8022,Te_rho_z22,Te_rho_z10,True,,left_only
8023,Te_rho_z22,Te_rho_z11,True,,left_only
8024,Te_rho_z22,Te_rho_z12,True,,left_only
8025,Te_rho_z22,Te_rho_z13,True,,left_only
8079,Te_rho_z22,Te_rho_z8,True,,left_only
8080,Te_rho_z22,Te_rho_z9,True,,left_only
8081,Te_rho_z22,Wtot,True,,left_only
8082,Te_rho_z23,DML,True,,left_only
8083,Te_rho_z23,FIR_LIDs_LFS,True,,left_only
8084,Te_rho_z23,IP,True,,left_only
8085,Te_rho_z23,IPLA,True,,left_only
8138,Te_rho_z23,Te_rho_z1,True,,left_only
8139,Te_rho_z23,Te_rho_z10,True,,left_only
8140,Te_rho_z23,Te_rho_z11,True,,left_only
8141,Te_rho_z23,Te_rho_z12,True,,left_only
8142,Te_rho_z23,Te_rho_z13,True,,left_only
8149,Te_rho_z23,Te_rho_z2,True,,left_only
8159,Te_rho_z23,Te_rho_z3,True,,left_only
8170,Te_rho_z23,Te_rho_z4,True,,left_only
8191,Te_rho_z23,Te_rho_z6,True,,left_only
8200,Te_rho_z23,Te_rho_z7,True,,left_only
8201,Te_rho_z23,Te_rho_z8,True,,left_only
8202,Te_rho_z23,Te_rho_z9,True,,left_only
8203,Te_rho_z23,Wtot,True,,left_only
8204,Te_rho_z24,DML,True,,left_only
8205,Te_rho_z24,FIR_LIDs_LFS,True,,left_only
8206,Te_rho_z24,IP,True,,left_only
8207,Te_rho_z24,IPLA,True,,left_only
8260,Te_rho_z24,Te_rho_z1,True,,left_only
8261,Te_rho_z24,Te_rho_z10,True,,left_only
8262,Te_rho_z24,Te_rho_z11,True,,left_only
8263,Te_rho_z24,Te_rho_z12,True,,left_only
8264,Te_rho_z24,Te_rho_z13,True,,left_only
8271,Te_rho_z24,Te_rho_z2,True,,left_only
8281,Te_rho_z24,Te_rho_z3,True,,left_only
8292,Te_rho_z24,Te_rho_z4,True,,left_only
8303,Te_rho_z24,Te_rho_z5,True,,left_only
8314,Te_rho_z24,Te_rho_z6,True,,left_only
8323,Te_rho_z24,Te_rho_z7,True,,left_only
8324,Te_rho_z24,Te_rho_z8,True,,left_only
8325,Te_rho_z24,Te_rho_z9,True,,left_only
8326,Te_rho_z24,Wtot,True,,left_only
8327,Te_rho_z25,DML,True,,left_only
8328,Te_rho_z25,FIR_LIDs_LFS,True,,left_only
8329,Te_rho_z25,IP,True,,left_only
8330,Te_rho_z25,IPLA,True,,left_only
8383,Te_rho_z25,Te_rho_z1,True,,left_only
8384,Te_rho_z25,Te_rho_z10,True,,left_only
8385,Te_rho_z25,Te_rho_z11,True,,left_only
8386,Te_rho_z25,Te_rho_z12,True,,left_only
8387,Te_rho_z25,Te_rho_z13,True,,left_only
8394,Te_rho_z25,Te_rho_z2,True,,left_only
8404,Te_rho_z25,Te_rho_z3,True,,left_only
8415,Te_rho_z25,Te_rho_z4,True,,left_only
8426,Te_rho_z25,Te_rho_z5,True,,left_only
8437,Te_rho_z25,Te_rho_z6,True,,left_only
8446,Te_rho_z25,Te_rho_z7,True,,left_only
8447,Te_rho_z25,Te_rho_z8,True,,left_only
8448,Te_rho_z25,Te_rho_z9,True,,left_only
8449,Te_rho_z25,Wtot,True,,left_only
8450,Te_rho_z26,DML,True,,left_only
8451,Te_rho_z26,FIR_LIDs_LFS,True,,left_only
8452,Te_rho_z26,IP,True,,left_only
8453,Te_rho_z26,IPLA,True,,left_only
8506,Te_rho_z26,Te_rho_z1,True,,left_only
8507,Te_rho_z26,Te_rho_z10,True,,left_only
8508,Te_rho_z26,Te_rho_z11,True,,left_only
8509,Te_rho_z26,Te_rho_z12,True,,left_only
8510,Te_rho_z26,Te_rho_z13,True,,left_only
8517,Te_rho_z26,Te_rho_z2,True,,left_only
8527,Te_rho_z26,Te_rho_z3,True,,left_only
8538,Te_rho_z26,Te_rho_z4,True,,left_only
8549,Te_rho_z26,Te_rho_z5,True,,left_only
8560,Te_rho_z26,Te_rho_z6,True,,left_only
8569,Te_rho_z26,Te_rho_z7,True,,left_only
8570,Te_rho_z26,Te_rho_z8,True,,left_only
8571,Te_rho_z26,Te_rho_z9,True,,left_only
8572,Te_rho_z26,Wtot,True,,left_only
8573,Te_rho_z27,DML,True,,left_only
8574,Te_rho_z27,FIR_LIDs_LFS,True,,left_only
8575,Te_rho_z27,IP,True,,left_only
8576,Te_rho_z27,IPLA,True,,left_only
8629,Te_rho_z27,Te_rho_z1,True,,left_only
8630,Te_rho_z27,Te_rho_z10,True,,left_only
8631,Te_rho_z27,Te_rho_z11,True,,left_only
8632,Te_rho_z27,Te_rho_z12,True,,left_only
8633,Te_rho_z27,Te_rho_z13,True,,left_only
8640,Te_rho_z27,Te_rho_z2,True,,left_only
8650,Te_rho_z27,Te_rho_z3,True,,left_only
8661,Te_rho_z27,Te_rho_z4,True,,left_only
8672,Te_rho_z27,Te_rho_z5,True,,left_only
8683,Te_rho_z27,Te_rho_z6,True,,left_only
8692,Te_rho_z27,Te_rho_z7,True,,left_only
8693,Te_rho_z27,Te_rho_z8,True,,left_only
8694,Te_rho_z27,Te_rho_z9,True,,left_only
8695,Te_rho_z27,Wtot,True,,left_only
8696,Te_rho_z28,DML,True,,left_only
8697,Te_rho_z28,FIR_LIDs_LFS,True,,left_only
8698,Te_rho_z28,IP,True,,left_only
8699,Te_rho_z28,IPLA,True,,left_only
8752,Te_rho_z28,Te_rho_z1,True,,left_only
8753,Te_rho_z28,Te_rho_z10,True,,left_only
8754,Te_rho_z28,Te_rho_z11,True,,left_only
8755,Te_rho_z28,Te_rho_z12,True,,left_only
8756,Te_rho_z28,Te_rho_z13,True,,left_only
8763,Te_rho_z28,Te_rho_z2,True,,left_only
8773,Te_rho_z28,Te_rho_z3,True,,left_only
8784,Te_rho_z28,Te_rho_z4,True,,left_only
8795,Te_rho_z28,Te_rho_z5,True,,left_only
8806,Te_rho_z28,Te_rho_z6,True,,left_only
8815,Te_rho_z28,Te_rho_z7,True,,left_only
8816,Te_rho_z28,Te_rho_z8,True,,left_only
8817,Te_rho_z28,Te_rho_z9,True,,left_only
8818,Te_rho_z28,Wtot,True,,left_only
8819,Te_rho_z29,DML,True,,left_only
8820,Te_rho_z29,FIR_LIDs_LFS,True,,left_only
8821,Te_rho_z29,IP,True,,left_only
8822,Te_rho_z29,IPLA,True,,left_only
8875,Te_rho_z29,Te_rho_z1,True,,left_only
8876,Te_rho_z29,Te_rho_z10,True,,left_only
8877,Te_rho_z29,Te_rho_z11,True,,left_only
8878,Te_rho_z29,Te_rho_z12,True,,left_only
8879,Te_rho_z29,Te_rho_z13,True,,left_only
8886,Te_rho_z29,Te_rho_z2,True,,left_only
8896,Te_rho_z29,Te_rho_z3,True,,left_only
8907,Te_rho_z29,Te_rho_z4,True,,left_only
8918,Te_rho_z29,Te_rho_z5,True,,left_only
8929,Te_rho_z29,Te_rho_z6,True,,left_only
8938,Te_rho_z29,Te_rho_z7,True,,left_only
8939,Te_rho_z29,Te_rho_z8,True,,left_only
8940,Te_rho_z29,Te_rho_z9,True,,left_only
8941,Te_rho_z29,Wtot,True,,left_only
8942,Te_rho_z3,DML,True,,left_only
8943,Te_rho_z3,IP,True,,left_only
8944,Te_rho_z3,IPLA,True,,left_only
8945,Te_rho_z3,POHM,True,,left_only
8946,Te_rho_z3,SXRcore,True,,left_only
8950,Te_rho_z3,Te_rho_z12,True,,left_only
8951,Te_rho_z3,Te_rho_z13,True,,left_only
8952,Te_rho_z3,Te_rho_z14,True,,left_only
8953,Te_rho_z3,Te_rho_z15,True,,left_only
8954,Te_rho_z3,Te_rho_z16,True,,left_only
8955,Te_rho_z3,Te_rho_z17,True,,left_only
8956,Te_rho_z3,Te_rho_z18,True,,left_only
8957,Te_rho_z3,Te_rho_z19,True,,left_only
8959,Te_rho_z3,Te_rho_z20,True,,left_only
8960,Te_rho_z3,Te_rho_z23,True,,left_only
8961,Te_rho_z3,Te_rho_z24,True,,left_only
8962,Te_rho_z3,Te_rho_z25,True,,left_only
8963,Te_rho_z3,Te_rho_z26,True,,left_only
8964,Te_rho_z3,Te_rho_z27,True,,left_only
8965,Te_rho_z3,Te_rho_z28,True,,left_only
8966,Te_rho_z3,Te_rho_z29,True,,left_only
8967,Te_rho_z3,Te_rho_z30,True,,left_only
8968,Te_rho_z3,Te_rho_z31,True,,left_only
8969,Te_rho_z3,Te_rho_z32,True,,left_only
8970,Te_rho_z3,Te_rho_z33,True,,left_only
8971,Te_rho_z3,Te_rho_z34,True,,left_only
8972,Te_rho_z3,Te_rho_z35,True,,left_only
8973,Te_rho_z3,Te_rho_z36,True,,left_only
8974,Te_rho_z3,Te_rho_z37,True,,left_only
8975,Te_rho_z3,Te_rho_z38,True,,left_only
8976,Te_rho_z3,Te_rho_z39,True,,left_only
8978,Te_rho_z3,Te_rho_z40,True,,left_only
8979,Te_rho_z3,Te_rho_z41,True,,left_only
8980,Te_rho_z3,Te_rho_z42,True,,left_only
8981,Te_rho_z3,Te_rho_z43,True,,left_only
8982,Te_rho_z3,Te_rho_z44,True,,left_only
8983,Te_rho_z3,Te_rho_z45,True,,left_only
8984,Te_rho_z3,Te_rho_z46,True,,left_only
8985,Te_rho_z3,Te_rho_z47,True,,left_only
8991,Te_rho_z3,Wtot,True,,left_only
8992,Te_rho_z30,DML,True,,left_only
8993,Te_rho_z30,FIR_LIDs_LFS,True,,left_only
8994,Te_rho_z30,IP,True,,left_only
8995,Te_rho_z30,IPLA,True,,left_only
9048,Te_rho_z30,Te_rho_z1,True,,left_only
9049,Te_rho_z30,Te_rho_z10,True,,left_only
9050,Te_rho_z30,Te_rho_z11,True,,left_only
9051,Te_rho_z30,Te_rho_z12,True,,left_only
9052,Te_rho_z30,Te_rho_z13,True,,left_only
9059,Te_rho_z30,Te_rho_z2,True,,left_only
9070,Te_rho_z30,Te_rho_z3,True,,left_only
9080,Te_rho_z30,Te_rho_z4,True,,left_only
9091,Te_rho_z30,Te_rho_z5,True,,left_only
9102,Te_rho_z30,Te_rho_z6,True,,left_only
9111,Te_rho_z30,Te_rho_z7,True,,left_only
9112,Te_rho_z30,Te_rho_z8,True,,left_only
9113,Te_rho_z30,Te_rho_z9,True,,left_only
9114,Te_rho_z30,Wtot,True,,left_only
9115,Te_rho_z31,DML,True,,left_only
9116,Te_rho_z31,FIR_LIDs_LFS,True,,left_only
9117,Te_rho_z31,IP,True,,left_only
9118,Te_rho_z31,IPLA,True,,left_only
9169,Te_rho_z31,Te_rho_z1,True,,left_only
9170,Te_rho_z31,Te_rho_z10,True,,left_only
9171,Te_rho_z31,Te_rho_z11,True,,left_only
9172,Te_rho_z31,Te_rho_z12,True,,left_only
9173,Te_rho_z31,Te_rho_z13,True,,left_only
9180,Te_rho_z31,Te_rho_z2,True,,left_only
9191,Te_rho_z31,Te_rho_z3,True,,left_only
9201,Te_rho_z31,Te_rho_z4,True,,left_only
9212,Te_rho_z31,Te_rho_z5,True,,left_only
9223,Te_rho_z31,Te_rho_z6,True,,left_only
9232,Te_rho_z31,Te_rho_z7,True,,left_only
9233,Te_rho_z31,Te_rho_z8,True,,left_only
9234,Te_rho_z31,Te_rho_z9,True,,left_only
9235,Te_rho_z31,Wtot,True,,left_only
9236,Te_rho_z32,DML,True,,left_only
9237,Te_rho_z32,FIR_LIDs_LFS,True,,left_only
9238,Te_rho_z32,IP,True,,left_only
9239,Te_rho_z32,IPLA,True,,left_only
9290,Te_rho_z32,Te_rho_z1,True,,left_only
9291,Te_rho_z32,Te_rho_z10,True,,left_only
9292,Te_rho_z32,Te_rho_z11,True,,left_only
9293,Te_rho_z32,Te_rho_z12,True,,left_only
9294,Te_rho_z32,Te_rho_z13,True,,left_only
9301,Te_rho_z32,Te_rho_z2,True,,left_only
9312,Te_rho_z32,Te_rho_z3,True,,left_only
9322,Te_rho_z32,Te_rho_z4,True,,left_only
9333,Te_rho_z32,Te_rho_z5,True,,left_only
9344,Te_rho_z32,Te_rho_z6,True,,left_only
9353,Te_rho_z32,Te_rho_z7,True,,left_only
9354,Te_rho_z32,Te_rho_z8,True,,left_only
9355,Te_rho_z32,Te_rho_z9,True,,left_only
9356,Te_rho_z32,Wtot,True,,left_only
9357,Te_rho_z33,DML,True,,left_only
9358,Te_rho_z33,FIR_LIDs_LFS,True,,left_only
9359,Te_rho_z33,IP,True,,left_only
9360,Te_rho_z33,IPLA,True,,left_only
9411,Te_rho_z33,Te_rho_z1,True,,left_only
9412,Te_rho_z33,Te_rho_z10,True,,left_only
9413,Te_rho_z33,Te_rho_z11,True,,left_only
9414,Te_rho_z33,Te_rho_z12,True,,left_only
9415,Te_rho_z33,Te_rho_z13,True,,left_only
9422,Te_rho_z33,Te_rho_z2,True,,left_only
9433,Te_rho_z33,Te_rho_z3,True,,left_only
9443,Te_rho_z33,Te_rho_z4,True,,left_only
9454,Te_rho_z33,Te_rho_z5,True,,left_only
9465,Te_rho_z33,Te_rho_z6,True,,left_only
9474,Te_rho_z33,Te_rho_z7,True,,left_only
9475,Te_rho_z33,Te_rho_z8,True,,left_only
9476,Te_rho_z33,Te_rho_z9,True,,left_only
9477,Te_rho_z33,Wtot,True,,left_only
9478,Te_rho_z34,DML,True,,left_only
9479,Te_rho_z34,FIR_LIDs_LFS,True,,left_only
9480,Te_rho_z34,IP,True,,left_only
9481,Te_rho_z34,IPLA,True,,left_only
9532,Te_rho_z34,Te_rho_z1,True,,left_only
9533,Te_rho_z34,Te_rho_z10,True,,left_only
9534,Te_rho_z34,Te_rho_z11,True,,left_only
9535,Te_rho_z34,Te_rho_z12,True,,left_only
9536,Te_rho_z34,Te_rho_z13,True,,left_only
9543,Te_rho_z34,Te_rho_z2,True,,left_only
9554,Te_rho_z34,Te_rho_z3,True,,left_only
9564,Te_rho_z34,Te_rho_z4,True,,left_only
9575,Te_rho_z34,Te_rho_z5,True,,left_only
9586,Te_rho_z34,Te_rho_z6,True,,left_only
9595,Te_rho_z34,Te_rho_z7,True,,left_only
9596,Te_rho_z34,Te_rho_z8,True,,left_only
9597,Te_rho_z34,Te_rho_z9,True,,left_only
9598,Te_rho_z34,Wtot,True,,left_only
9599,Te_rho_z35,DML,True,,left_only
9600,Te_rho_z35,FIR_LIDs_LFS,True,,left_only
9601,Te_rho_z35,IP,True,,left_only
9602,Te_rho_z35,IPLA,True,,left_only
9653,Te_rho_z35,Te_rho_z1,True,,left_only
9654,Te_rho_z35,Te_rho_z10,True,,left_only
9655,Te_rho_z35,Te_rho_z11,True,,left_only
9656,Te_rho_z35,Te_rho_z12,True,,left_only
9657,Te_rho_z35,Te_rho_z13,True,,left_only
9664,Te_rho_z35,Te_rho_z2,True,,left_only
9675,Te_rho_z35,Te_rho_z3,True,,left_only
9685,Te_rho_z35,Te_rho_z4,True,,left_only
9696,Te_rho_z35,Te_rho_z5,True,,left_only
9707,Te_rho_z35,Te_rho_z6,True,,left_only
9716,Te_rho_z35,Te_rho_z7,True,,left_only
9717,Te_rho_z35,Te_rho_z8,True,,left_only
9718,Te_rho_z35,Te_rho_z9,True,,left_only
9719,Te_rho_z35,Wtot,True,,left_only
9720,Te_rho_z36,DML,True,,left_only
9721,Te_rho_z36,FIR_LIDs_LFS,True,,left_only
9722,Te_rho_z36,IP,True,,left_only
9773,Te_rho_z36,Te_rho_z1,True,,left_only
9774,Te_rho_z36,Te_rho_z10,True,,left_only
9775,Te_rho_z36,Te_rho_z11,True,,left_only
9776,Te_rho_z36,Te_rho_z12,True,,left_only
9777,Te_rho_z36,Te_rho_z13,True,,left_only
9784,Te_rho_z36,Te_rho_z2,True,,left_only
9795,Te_rho_z36,Te_rho_z3,True,,left_only
9805,Te_rho_z36,Te_rho_z4,True,,left_only
9816,Te_rho_z36,Te_rho_z5,True,,left_only
9827,Te_rho_z36,Te_rho_z6,True,,left_only
9836,Te_rho_z36,Te_rho_z7,True,,left_only
9837,Te_rho_z36,Te_rho_z8,True,,left_only
9838,Te_rho_z36,Te_rho_z9,True,,left_only
9839,Te_rho_z36,Wtot,True,,left_only
9840,Te_rho_z37,DML,True,,left_only
9841,Te_rho_z37,FIR_LIDs_LFS,True,,left_only
9842,Te_rho_z37,IP,True,,left_only
9893,Te_rho_z37,Te_rho_z1,True,,left_only
9894,Te_rho_z37,Te_rho_z10,True,,left_only
9895,Te_rho_z37,Te_rho_z11,True,,left_only
9896,Te_rho_z37,Te_rho_z12,True,,left_only
9897,Te_rho_z37,Te_rho_z13,True,,left_only
9904,Te_rho_z37,Te_rho_z2,True,,left_only
9915,Te_rho_z37,Te_rho_z3,True,,left_only
9925,Te_rho_z37,Te_rho_z4,True,,left_only
9936,Te_rho_z37,Te_rho_z5,True,,left_only
9947,Te_rho_z37,Te_rho_z6,True,,left_only
9956,Te_rho_z37,Te_rho_z7,True,,left_only
9957,Te_rho_z37,Te_rho_z8,True,,left_only
9958,Te_rho_z37,Te_rho_z9,True,,left_only
9959,Te_rho_z37,Wtot,True,,left_only
9960,Te_rho_z38,DML,True,,left_only
9961,Te_rho_z38,FIR_LIDs_LFS,True,,left_only
9962,Te_rho_z38,IP,True,,left_only
9963,Te_rho_z38,IPLA,True,,left_only
10014,Te_rho_z38,Te_rho_z1,True,,left_only
10015,Te_rho_z38,Te_rho_z10,True,,left_only
10016,Te_rho_z38,Te_rho_z11,True,,left_only
10017,Te_rho_z38,Te_rho_z12,True,,left_only
10018,Te_rho_z38,Te_rho_z13,True,,left_only
10025,Te_rho_z38,Te_rho_z2,True,,left_only
10036,Te_rho_z38,Te_rho_z3,True,,left_only
10046,Te_rho_z38,Te_rho_z4,True,,left_only
10057,Te_rho_z38,Te_rho_z5,True,,left_only
10068,Te_rho_z38,Te_rho_z6,True,,left_only
10077,Te_rho_z38,Te_rho_z7,True,,left_only
10078,Te_rho_z38,Te_rho_z8,True,,left_only
10079,Te_rho_z38,Te_rho_z9,True,,left_only
10080,Te_rho_z38,Wtot,True,,left_only
10081,Te_rho_z39,DML,True,,left_only
10082,Te_rho_z39,FIR_LIDs_LFS,True,,left_only
10083,Te_rho_z39,IP,True,,left_only
10084,Te_rho_z39,IPLA,True,,left_only
10135,Te_rho_z39,Te_rho_z1,True,,left_only
10136,Te_rho_z39,Te_rho_z10,True,,left_only
10137,Te_rho_z39,Te_rho_z11,True,,left_only
10138,Te_rho_z39,Te_rho_z12,True,,left_only
10139,Te_rho_z39,Te_rho_z13,True,,left_only
10146,Te_rho_z39,Te_rho_z2,True,,left_only
10157,Te_rho_z39,Te_rho_z3,True,,left_only
10167,Te_rho_z39,Te_rho_z4,True,,left_only
10178,Te_rho_z39,Te_rho_z5,True,,left_only
10189,Te_rho_z39,Te_rho_z6,True,,left_only
10198,Te_rho_z39,Te_rho_z7,True,,left_only
10199,Te_rho_z39,Te_rho_z8,True,,left_only
10200,Te_rho_z39,Te_rho_z9,True,,left_only
10201,Te_rho_z39,Wtot,True,,left_only
10202,Te_rho_z4,DML,True,,left_only
10203,Te_rho_z4,IP,True,,left_only
10204,Te_rho_z4,IPLA,True,,left_only
10205,Te_rho_z4,POHM,True,,left_only
10206,Te_rho_z4,SXRcore,True,,left_only
10210,Te_rho_z4,Te_rho_z12,True,,left_only
10211,Te_rho_z4,Te_rho_z13,True,,left_only
10212,Te_rho_z4,Te_rho_z14,True,,left_only
10213,Te_rho_z4,Te_rho_z15,True,,left_only
10214,Te_rho_z4,Te_rho_z16,True,,left_only
10215,Te_rho_z4,Te_rho_z17,True,,left_only
10216,Te_rho_z4,Te_rho_z18,True,,left_only
10217,Te_rho_z4,Te_rho_z19,True,,left_only
10219,Te_rho_z4,Te_rho_z20,True,,left_only
10220,Te_rho_z4,Te_rho_z23,True,,left_only
10221,Te_rho_z4,Te_rho_z24,True,,left_only
10222,Te_rho_z4,Te_rho_z25,True,,left_only
10223,Te_rho_z4,Te_rho_z26,True,,left_only
10224,Te_rho_z4,Te_rho_z27,True,,left_only
10225,Te_rho_z4,Te_rho_z28,True,,left_only
10226,Te_rho_z4,Te_rho_z29,True,,left_only
10228,Te_rho_z4,Te_rho_z30,True,,left_only
10229,Te_rho_z4,Te_rho_z31,True,,left_only
10230,Te_rho_z4,Te_rho_z32,True,,left_only
10231,Te_rho_z4,Te_rho_z33,True,,left_only
10232,Te_rho_z4,Te_rho_z34,True,,left_only
10233,Te_rho_z4,Te_rho_z35,True,,left_only
10234,Te_rho_z4,Te_rho_z36,True,,left_only
10235,Te_rho_z4,Te_rho_z37,True,,left_only
10236,Te_rho_z4,Te_rho_z38,True,,left_only
10237,Te_rho_z4,Te_rho_z39,True,,left_only
10238,Te_rho_z4,Te_rho_z40,True,,left_only
10239,Te_rho_z4,Te_rho_z41,True,,left_only
10240,Te_rho_z4,Te_rho_z42,True,,left_only
10241,Te_rho_z4,Te_rho_z43,True,,left_only
10242,Te_rho_z4,Te_rho_z44,True,,left_only
10243,Te_rho_z4,Te_rho_z45,True,,left_only
10244,Te_rho_z4,Te_rho_z46,True,,left_only
10250,Te_rho_z4,Wtot,True,,left_only
10251,Te_rho_z40,DML,True,,left_only
10252,Te_rho_z40,FIR_LIDs_LFS,True,,left_only
10253,Te_rho_z40,IP,True,,left_only
10254,Te_rho_z40,IPLA,True,,left_only
10305,Te_rho_z40,Te_rho_z1,True,,left_only
10306,Te_rho_z40,Te_rho_z10,True,,left_only
10307,Te_rho_z40,Te_rho_z11,True,,left_only
10308,Te_rho_z40,Te_rho_z12,True,,left_only
10309,Te_rho_z40,Te_rho_z13,True,,left_only
10316,Te_rho_z40,Te_rho_z2,True,,left_only
10327,Te_rho_z40,Te_rho_z3,True,,left_only
10338,Te_rho_z40,Te_rho_z4,True,,left_only
10348,Te_rho_z40,Te_rho_z5,True,,left_only
10359,Te_rho_z40,Te_rho_z6,True,,left_only
10368,Te_rho_z40,Te_rho_z7,True,,left_only
10369,Te_rho_z40,Te_rho_z8,True,,left_only
10370,Te_rho_z40,Te_rho_z9,True,,left_only
10371,Te_rho_z40,Wtot,True,,left_only
10372,Te_rho_z41,DML,True,,left_only
10373,Te_rho_z41,FIR_LIDs_LFS,True,,left_only
10374,Te_rho_z41,IP,True,,left_only
10375,Te_rho_z41,IPLA,True,,left_only
10426,Te_rho_z41,Te_rho_z1,True,,left_only
10427,Te_rho_z41,Te_rho_z10,True,,left_only
10428,Te_rho_z41,Te_rho_z11,True,,left_only
10429,Te_rho_z41,Te_rho_z12,True,,left_only
10430,Te_rho_z41,Te_rho_z13,True,,left_only
10437,Te_rho_z41,Te_rho_z2,True,,left_only
10448,Te_rho_z41,Te_rho_z3,True,,left_only
10459,Te_rho_z41,Te_rho_z4,True,,left_only
10469,Te_rho_z41,Te_rho_z5,True,,left_only
10480,Te_rho_z41,Te_rho_z6,True,,left_only
10489,Te_rho_z41,Te_rho_z7,True,,left_only
10490,Te_rho_z41,Te_rho_z8,True,,left_only
10491,Te_rho_z41,Te_rho_z9,True,,left_only
10492,Te_rho_z41,Wtot,True,,left_only
10493,Te_rho_z42,DML,True,,left_only
10494,Te_rho_z42,FIR_LIDs_LFS,True,,left_only
10495,Te_rho_z42,IP,True,,left_only
10496,Te_rho_z42,IPLA,True,,left_only
10547,Te_rho_z42,Te_rho_z1,True,,left_only
10548,Te_rho_z42,Te_rho_z10,True,,left_only
10549,Te_rho_z42,Te_rho_z11,True,,left_only
10550,Te_rho_z42,Te_rho_z12,True,,left_only
10551,Te_rho_z42,Te_rho_z13,True,,left_only
10558,Te_rho_z42,Te_rho_z2,True,,left_only
10569,Te_rho_z42,Te_rho_z3,True,,left_only
10580,Te_rho_z42,Te_rho_z4,True,,left_only
10590,Te_rho_z42,Te_rho_z5,True,,left_only
10601,Te_rho_z42,Te_rho_z6,True,,left_only
10610,Te_rho_z42,Te_rho_z7,True,,left_only
10611,Te_rho_z42,Te_rho_z8,True,,left_only
10612,Te_rho_z42,Te_rho_z9,True,,left_only
10613,Te_rho_z42,Wtot,True,,left_only
10614,Te_rho_z43,DML,True,,left_only
10615,Te_rho_z43,FIR_LIDs_LFS,True,,left_only
10616,Te_rho_z43,IP,True,,left_only
10617,Te_rho_z43,IPLA,True,,left_only
10668,Te_rho_z43,Te_rho_z1,True,,left_only
10669,Te_rho_z43,Te_rho_z10,True,,left_only
10670,Te_rho_z43,Te_rho_z11,True,,left_only
10671,Te_rho_z43,Te_rho_z12,True,,left_only
10672,Te_rho_z43,Te_rho_z13,True,,left_only
10679,Te_rho_z43,Te_rho_z2,True,,left_only
10690,Te_rho_z43,Te_rho_z3,True,,left_only
10701,Te_rho_z43,Te_rho_z4,True,,left_only
10711,Te_rho_z43,Te_rho_z5,True,,left_only
10722,Te_rho_z43,Te_rho_z6,True,,left_only
10731,Te_rho_z43,Te_rho_z7,True,,left_only
10732,Te_rho_z43,Te_rho_z8,True,,left_only
10733,Te_rho_z43,Te_rho_z9,True,,left_only
10734,Te_rho_z43,Wtot,True,,left_only
10735,Te_rho_z44,DML,True,,left_only
10736,Te_rho_z44,FIR_LIDs_LFS,True,,left_only
10737,Te_rho_z44,IP,True,,left_only
10738,Te_rho_z44,IPLA,True,,left_only
10789,Te_rho_z44,Te_rho_z1,True,,left_only
10790,Te_rho_z44,Te_rho_z10,True,,left_only
10791,Te_rho_z44,Te_rho_z11,True,,left_only
10792,Te_rho_z44,Te_rho_z12,True,,left_only
10793,Te_rho_z44,Te_rho_z13,True,,left_only
10800,Te_rho_z44,Te_rho_z2,True,,left_only
10811,Te_rho_z44,Te_rho_z3,True,,left_only
10822,Te_rho_z44,Te_rho_z4,True,,left_only
10832,Te_rho_z44,Te_rho_z5,True,,left_only
10843,Te_rho_z44,Te_rho_z6,True,,left_only
10852,Te_rho_z44,Te_rho_z7,True,,left_only
10853,Te_rho_z44,Te_rho_z8,True,,left_only
10854,Te_rho_z44,Te_rho_z9,True,,left_only
10855,Te_rho_z44,Wtot,True,,left_only
10856,Te_rho_z45,DML,True,,left_only
10857,Te_rho_z45,FIR_LIDs_LFS,True,,left_only
10858,Te_rho_z45,IP,True,,left_only
10859,Te_rho_z45,IPLA,True,,left_only
10910,Te_rho_z45,Te_rho_z1,True,,left_only
10911,Te_rho_z45,Te_rho_z10,True,,left_only
10912,Te_rho_z45,Te_rho_z11,True,,left_only
10913,Te_rho_z45,Te_rho_z12,True,,left_only
10914,Te_rho_z45,Te_rho_z13,True,,left_only
10921,Te_rho_z45,Te_rho_z2,True,,left_only
10932,Te_rho_z45,Te_rho_z3,True,,left_only
10943,Te_rho_z45,Te_rho_z4,True,,left_only
10953,Te_rho_z45,Te_rho_z5,True,,left_only
10964,Te_rho_z45,Te_rho_z6,True,,left_only
10973,Te_rho_z45,Te_rho_z7,True,,left_only
10974,Te_rho_z45,Te_rho_z8,True,,left_only
10975,Te_rho_z45,Te_rho_z9,True,,left_only
10976,Te_rho_z45,Wtot,True,,left_only
10977,Te_rho_z46,DML,True,,left_only
10978,Te_rho_z46,FIR_LIDs_LFS,True,,left_only
10979,Te_rho_z46,IP,True,,left_only
10980,Te_rho_z46,IPLA,True,,left_only
11031,Te_rho_z46,Te_rho_z1,True,,left_only
11032,Te_rho_z46,Te_rho_z10,True,,left_only
11033,Te_rho_z46,Te_rho_z11,True,,left_only
11034,Te_rho_z46,Te_rho_z12,True,,left_only
11035,Te_rho_z46,Te_rho_z13,True,,left_only
11042,Te_rho_z46,Te_rho_z2,True,,left_only
11053,Te_rho_z46,Te_rho_z3,True,,left_only
11064,Te_rho_z46,Te_rho_z4,True,,left_only
11092,Te_rho_z46,Te_rho_z8,True,,left_only
11093,Te_rho_z46,Te_rho_z9,True,,left_only
11094,Te_rho_z46,Wtot,True,,left_only
11095,Te_rho_z47,DML,True,,left_only
11096,Te_rho_z47,FIR_LIDs_LFS,True,,left_only
11097,Te_rho_z47,IP,True,,left_only
11098,Te_rho_z47,IPLA,True,,left_only
11149,Te_rho_z47,Te_rho_z1,True,,left_only
11150,Te_rho_z47,Te_rho_z10,True,,left_only
11151,Te_rho_z47,Te_rho_z11,True,,left_only
11152,Te_rho_z47,Te_rho_z12,True,,left_only
11153,Te_rho_z47,Te_rho_z13,True,,left_only
11160,Te_rho_z47,Te_rho_z2,True,,left_only
11171,Te_rho_z47,Te_rho_z3,True,,left_only
11209,Te_rho_z47,Te_rho_z8,True,,left_only
11210,Te_rho_z47,Te_rho_z9,True,,left_only
11211,Te_rho_z47,Wtot,True,,left_only
11212,Te_rho_z48,DML,True,,left_only
11213,Te_rho_z48,FIR_LIDs_LFS,True,,left_only
11214,Te_rho_z48,IP,True,,left_only
11215,Te_rho_z48,IPLA,True,,left_only
11266,Te_rho_z48,Te_rho_z10,True,,left_only
11267,Te_rho_z48,Te_rho_z11,True,,left_only
11268,Te_rho_z48,Te_rho_z12,True,,left_only
11269,Te_rho_z48,Te_rho_z13,True,,left_only
11323,Te_rho_z48,Te_rho_z9,True,,left_only
11324,Te_rho_z48,Wtot,True,,left_only
11325,Te_rho_z49,DML,True,,left_only
11326,Te_rho_z49,FIR_LIDs_LFS,True,,left_only
11327,Te_rho_z49,IP,True,,left_only
11328,Te_rho_z49,IPLA,True,,left_only
11379,Te_rho_z49,Te_rho_z10,True,,left_only
11380,Te_rho_z49,Te_rho_z11,True,,left_only
11381,Te_rho_z49,Te_rho_z12,True,,left_only
11382,Te_rho_z49,Te_rho_z13,True,,left_only
11436,Te_rho_z49,Te_rho_z9,True,,left_only
11437,Te_rho_z49,Wtot,True,,left_only
11438,Te_rho_z5,DML,True,,left_only
11439,Te_rho_z5,IP,True,,left_only
11440,Te_rho_z5,IPLA,True,,left_only
11441,Te_rho_z5,POHM,True,,left_only
11442,Te_rho_z5,SXRcore,True,,left_only
11446,Te_rho_z5,Te_rho_z12,True,,left_only
11447,Te_rho_z5,Te_rho_z13,True,,left_only
11448,Te_rho_z5,Te_rho_z14,True,,left_only
11449,Te_rho_z5,Te_rho_z15,True,,left_only
11450,Te_rho_z5,Te_rho_z16,True,,left_only
11451,Te_rho_z5,Te_rho_z17,True,,left_only
11452,Te_rho_z5,Te_rho_z18,True,,left_only
11453,Te_rho_z5,Te_rho_z19,True,,left_only
11455,Te_rho_z5,Te_rho_z20,True,,left_only
11456,Te_rho_z5,Te_rho_z24,True,,left_only
11457,Te_rho_z5,Te_rho_z25,True,,left_only
11458,Te_rho_z5,Te_rho_z26,True,,left_only
11459,Te_rho_z5,Te_rho_z27,True,,left_only
11460,Te_rho_z5,Te_rho_z28,True,,left_only
11461,Te_rho_z5,Te_rho_z29,True,,left_only
11463,Te_rho_z5,Te_rho_z30,True,,left_only
11464,Te_rho_z5,Te_rho_z31,True,,left_only
11465,Te_rho_z5,Te_rho_z32,True,,left_only
11466,Te_rho_z5,Te_rho_z33,True,,left_only
11467,Te_rho_z5,Te_rho_z34,True,,left_only
11468,Te_rho_z5,Te_rho_z35,True,,left_only
11469,Te_rho_z5,Te_rho_z36,True,,left_only
11470,Te_rho_z5,Te_rho_z37,True,,left_only
11471,Te_rho_z5,Te_rho_z38,True,,left_only
11472,Te_rho_z5,Te_rho_z39,True,,left_only
11474,Te_rho_z5,Te_rho_z40,True,,left_only
11475,Te_rho_z5,Te_rho_z41,True,,left_only
11476,Te_rho_z5,Te_rho_z42,True,,left_only
11477,Te_rho_z5,Te_rho_z43,True,,left_only
11478,Te_rho_z5,Te_rho_z44,True,,left_only
11479,Te_rho_z5,Te_rho_z45,True,,left_only
11484,Te_rho_z5,Wtot,True,,left_only
11485,Te_rho_z50,DML,True,,left_only
11486,Te_rho_z50,FIR_LIDs_LFS,True,,left_only
11487,Te_rho_z50,IP,True,,left_only
11488,Te_rho_z50,IPLA,True,,left_only
11539,Te_rho_z50,Te_rho_z10,True,,left_only
11540,Te_rho_z50,Te_rho_z11,True,,left_only
11541,Te_rho_z50,Te_rho_z12,True,,left_only
11542,Te_rho_z50,Te_rho_z13,True,,left_only
11596,Te_rho_z50,Wtot,True,,left_only
11597,Te_rho_z51,DML,True,,left_only
11598,Te_rho_z51,FIR_LIDs_LFS,True,,left_only
11599,Te_rho_z51,IP,True,,left_only
11600,Te_rho_z51,IPLA,True,,left_only
11651,Te_rho_z51,Te_rho_z10,True,,left_only
11652,Te_rho_z51,Te_rho_z11,True,,left_only
11653,Te_rho_z51,Te_rho_z12,True,,left_only
11654,Te_rho_z51,Te_rho_z13,True,,left_only
11708,Te_rho_z51,Wtot,True,,left_only
11709,Te_rho_z52,DML,True,,left_only
11710,Te_rho_z52,FIR_LIDs_LFS,True,,left_only
11711,Te_rho_z52,IP,True,,left_only
11712,Te_rho_z52,IPLA,True,,left_only
11763,Te_rho_z52,Te_rho_z10,True,,left_only
11764,Te_rho_z52,Te_rho_z11,True,,left_only
11765,Te_rho_z52,Te_rho_z12,True,,left_only
11766,Te_rho_z52,Te_rho_z13,True,,left_only
11820,Te_rho_z52,Wtot,True,,left_only
11821,Te_rho_z53,DML,True,,left_only
11822,Te_rho_z53,FIR_LIDs_LFS,True,,left_only
11823,Te_rho_z53,IP,True,,left_only
11824,Te_rho_z53,IPLA,True,,left_only
11875,Te_rho_z53,Te_rho_z11,True,,left_only
11876,Te_rho_z53,Te_rho_z12,True,,left_only
11877,Te_rho_z53,Te_rho_z13,True,,left_only
11931,Te_rho_z53,Wtot,True,,left_only
11932,Te_rho_z54,DML,True,,left_only
11933,Te_rho_z54,FIR_LIDs_LFS,True,,left_only
11934,Te_rho_z54,IP,True,,left_only
11935,Te_rho_z54,IPLA,True,,left_only
11986,Te_rho_z54,Te_rho_z11,True,,left_only
11987,Te_rho_z54,Te_rho_z12,True,,left_only
11988,Te_rho_z54,Te_rho_z13,True,,left_only
12042,Te_rho_z54,Wtot,True,,left_only
12043,Te_rho_z55,DML,True,,left_only
12044,Te_rho_z55,FIR_LIDs_LFS,True,,left_only
12045,Te_rho_z55,IP,True,,left_only
12046,Te_rho_z55,IPLA,True,,left_only
12097,Te_rho_z55,Te_rho_z12,True,,left_only
12098,Te_rho_z55,Te_rho_z13,True,,left_only
12152,Te_rho_z55,Wtot,True,,left_only
12153,Te_rho_z56,DML,True,,left_only
12154,Te_rho_z56,FIR_LIDs_LFS,True,,left_only
12155,Te_rho_z56,IP,True,,left_only
12156,Te_rho_z56,IPLA,True,,left_only
12207,Te_rho_z56,Te_rho_z13,True,,left_only
12261,Te_rho_z56,Wtot,True,,left_only
12262,Te_rho_z57,FIR_LIDs_LFS,True,,left_only
12263,Te_rho_z57,IP,True,,left_only
12264,Te_rho_z57,IPLA,True,,left_only
12367,Te_rho_z57,Wtot,True,,left_only
12368,Te_rho_z58,FIR_LIDs_LFS,True,,left_only
12471,Te_rho_z58,Wtot,True,,left_only
12472,Te_rho_z59,FIR_LIDs_LFS,True,,left_only
12575,Te_rho_z59,Wtot,True,,left_only
12576,Te_rho_z6,DML,True,,left_only
12577,Te_rho_z6,IP,True,,left_only
12578,Te_rho_z6,IPLA,True,,left_only
12579,Te_rho_z6,POHM,True,,left_only
12580,Te_rho_z6,SXRcore,True,,left_only
12584,Te_rho_z6,Te_rho_z12,True,,left_only
12585,Te_rho_z6,Te_rho_z13,True,,left_only
12586,Te_rho_z6,Te_rho_z14,True,,left_only
12587,Te_rho_z6,Te_rho_z15,True,,left_only
12588,Te_rho_z6,Te_rho_z16,True,,left_only
12589,Te_rho_z6,Te_rho_z17,True,,left_only
12590,Te_rho_z6,Te_rho_z18,True,,left_only
12591,Te_rho_z6,Te_rho_z19,True,,left_only
12593,Te_rho_z6,Te_rho_z20,True,,left_only
12594,Te_rho_z6,Te_rho_z23,True,,left_only
12595,Te_rho_z6,Te_rho_z24,True,,left_only
12596,Te_rho_z6,Te_rho_z25,True,,left_only
12597,Te_rho_z6,Te_rho_z26,True,,left_only
12598,Te_rho_z6,Te_rho_z27,True,,left_only
12599,Te_rho_z6,Te_rho_z28,True,,left_only
12600,Te_rho_z6,Te_rho_z29,True,,left_only
12602,Te_rho_z6,Te_rho_z30,True,,left_only
12603,Te_rho_z6,Te_rho_z31,True,,left_only
12604,Te_rho_z6,Te_rho_z32,True,,left_only
12605,Te_rho_z6,Te_rho_z33,True,,left_only
12606,Te_rho_z6,Te_rho_z34,True,,left_only
12607,Te_rho_z6,Te_rho_z35,True,,left_only
12608,Te_rho_z6,Te_rho_z36,True,,left_only
12609,Te_rho_z6,Te_rho_z37,True,,left_only
12610,Te_rho_z6,Te_rho_z38,True,,left_only
12611,Te_rho_z6,Te_rho_z39,True,,left_only
12613,Te_rho_z6,Te_rho_z40,True,,left_only
12614,Te_rho_z6,Te_rho_z41,True,,left_only
12615,Te_rho_z6,Te_rho_z42,True,,left_only
12616,Te_rho_z6,Te_rho_z43,True,,left_only
12617,Te_rho_z6,Te_rho_z44,True,,left_only
12618,Te_rho_z6,Te_rho_z45,True,,left_only
12623,Te_rho_z6,Wtot,True,,left_only
12624,Te_rho_z60,FIR_LIDs_LFS,True,,left_only
12727,Te_rho_z60,Wtot,True,,left_only
12728,Te_rho_z61,FIR_LIDs_LFS,True,,left_only
12831,Te_rho_z62,FIR_LIDs_LFS,True,,left_only
13245,Te_rho_z66,Ne_rho_z48,True,,left_only
13332,Te_rho_z67,Ne_rho_z49,True,,left_only
13333,Te_rho_z67,Ne_rho_z50,True,,left_only
13334,Te_rho_z67,Ne_rho_z51,True,,left_only
13404,Te_rho_z7,DML,True,,left_only
13405,Te_rho_z7,IP,True,,left_only
13406,Te_rho_z7,IPLA,True,,left_only
13407,Te_rho_z7,POHM,True,,left_only
13408,Te_rho_z7,SXRcore,True,,left_only
13412,Te_rho_z7,Te_rho_z12,True,,left_only
13413,Te_rho_z7,Te_rho_z13,True,,left_only
13414,Te_rho_z7,Te_rho_z14,True,,left_only
13415,Te_rho_z7,Te_rho_z15,True,,left_only
13416,Te_rho_z7,Te_rho_z16,True,,left_only
13417,Te_rho_z7,Te_rho_z17,True,,left_only
13418,Te_rho_z7,Te_rho_z18,True,,left_only
13419,Te_rho_z7,Te_rho_z19,True,,left_only
13421,Te_rho_z7,Te_rho_z20,True,,left_only
13422,Te_rho_z7,Te_rho_z23,True,,left_only
13423,Te_rho_z7,Te_rho_z24,True,,left_only
13424,Te_rho_z7,Te_rho_z25,True,,left_only
13425,Te_rho_z7,Te_rho_z26,True,,left_only
13426,Te_rho_z7,Te_rho_z27,True,,left_only
13427,Te_rho_z7,Te_rho_z28,True,,left_only
13428,Te_rho_z7,Te_rho_z29,True,,left_only
13430,Te_rho_z7,Te_rho_z30,True,,left_only
13431,Te_rho_z7,Te_rho_z31,True,,left_only
13432,Te_rho_z7,Te_rho_z32,True,,left_only
13433,Te_rho_z7,Te_rho_z33,True,,left_only
13434,Te_rho_z7,Te_rho_z34,True,,left_only
13435,Te_rho_z7,Te_rho_z35,True,,left_only
13436,Te_rho_z7,Te_rho_z36,True,,left_only
13437,Te_rho_z7,Te_rho_z37,True,,left_only
13438,Te_rho_z7,Te_rho_z38,True,,left_only
13439,Te_rho_z7,Te_rho_z39,True,,left_only
13441,Te_rho_z7,Te_rho_z40,True,,left_only
13442,Te_rho_z7,Te_rho_z41,True,,left_only
13443,Te_rho_z7,Te_rho_z42,True,,left_only
13444,Te_rho_z7,Te_rho_z43,True,,left_only
13445,Te_rho_z7,Te_rho_z44,True,,left_only
13446,Te_rho_z7,Te_rho_z45,True,,left_only
13451,Te_rho_z7,Wtot,True,,left_only
13452,Te_rho_z8,DML,True,,left_only
13453,Te_rho_z8,IP,True,,left_only
13454,Te_rho_z8,IPLA,True,,left_only
13455,Te_rho_z8,POHM,True,,left_only
13456,Te_rho_z8,SXRcore,True,,left_only
13460,Te_rho_z8,Te_rho_z12,True,,left_only
13461,Te_rho_z8,Te_rho_z13,True,,left_only
13462,Te_rho_z8,Te_rho_z14,True,,left_only
13463,Te_rho_z8,Te_rho_z15,True,,left_only
13464,Te_rho_z8,Te_rho_z16,True,,left_only
13465,Te_rho_z8,Te_rho_z17,True,,left_only
13466,Te_rho_z8,Te_rho_z18,True,,left_only
13467,Te_rho_z8,Te_rho_z19,True,,left_only
13469,Te_rho_z8,Te_rho_z20,True,,left_only
13470,Te_rho_z8,Te_rho_z22,True,,left_only
13471,Te_rho_z8,Te_rho_z23,True,,left_only
13472,Te_rho_z8,Te_rho_z24,True,,left_only
13473,Te_rho_z8,Te_rho_z25,True,,left_only
13474,Te_rho_z8,Te_rho_z26,True,,left_only
13475,Te_rho_z8,Te_rho_z27,True,,left_only
13476,Te_rho_z8,Te_rho_z28,True,,left_only
13477,Te_rho_z8,Te_rho_z29,True,,left_only
13479,Te_rho_z8,Te_rho_z30,True,,left_only
13480,Te_rho_z8,Te_rho_z31,True,,left_only
13481,Te_rho_z8,Te_rho_z32,True,,left_only
13482,Te_rho_z8,Te_rho_z33,True,,left_only
13483,Te_rho_z8,Te_rho_z34,True,,left_only
13484,Te_rho_z8,Te_rho_z35,True,,left_only
13485,Te_rho_z8,Te_rho_z36,True,,left_only
13486,Te_rho_z8,Te_rho_z37,True,,left_only
13487,Te_rho_z8,Te_rho_z38,True,,left_only
13488,Te_rho_z8,Te_rho_z39,True,,left_only
13490,Te_rho_z8,Te_rho_z40,True,,left_only
13491,Te_rho_z8,Te_rho_z41,True,,left_only
13492,Te_rho_z8,Te_rho_z42,True,,left_only
13493,Te_rho_z8,Te_rho_z43,True,,left_only
13494,Te_rho_z8,Te_rho_z44,True,,left_only
13495,Te_rho_z8,Te_rho_z45,True,,left_only
13496,Te_rho_z8,Te_rho_z46,True,,left_only
13497,Te_rho_z8,Te_rho_z47,True,,left_only
13502,Te_rho_z8,Wtot,True,,left_only
13503,Te_rho_z9,DML,True,,left_only
13504,Te_rho_z9,IP,True,,left_only
13505,Te_rho_z9,IPLA,True,,left_only
13506,Te_rho_z9,Ne_rho_z28,True,,left_only
13507,Te_rho_z9,Ne_rho_z29,True,,left_only
13508,Te_rho_z9,Ne_rho_z30,True,,left_only
13509,Te_rho_z9,Ne_rho_z31,True,,left_only
13510,Te_rho_z9,Ne_rho_z32,True,,left_only
13511,Te_rho_z9,Ne_rho_z33,True,,left_only
13512,Te_rho_z9,Ne_rho_z34,True,,left_only
13513,Te_rho_z9,POHM,True,,left_only
13514,Te_rho_z9,SXRcore,True,,left_only
13518,Te_rho_z9,Te_rho_z12,True,,left_only
13519,Te_rho_z9,Te_rho_z13,True,,left_only
13520,Te_rho_z9,Te_rho_z14,True,,left_only
13521,Te_rho_z9,Te_rho_z15,True,,left_only
13522,Te_rho_z9,Te_rho_z16,True,,left_only
13523,Te_rho_z9,Te_rho_z17,True,,left_only
13524,Te_rho_z9,Te_rho_z18,True,,left_only
13525,Te_rho_z9,Te_rho_z19,True,,left_only
13527,Te_rho_z9,Te_rho_z20,True,,left_only
13528,Te_rho_z9,Te_rho_z21,True,,left_only
13529,Te_rho_z9,Te_rho_z22,True,,left_only
13530,Te_rho_z9,Te_rho_z23,True,,left_only
13531,Te_rho_z9,Te_rho_z24,True,,left_only
13532,Te_rho_z9,Te_rho_z25,True,,left_only
13533,Te_rho_z9,Te_rho_z26,True,,left_only
13534,Te_rho_z9,Te_rho_z27,True,,left_only
13535,Te_rho_z9,Te_rho_z28,True,,left_only
13536,Te_rho_z9,Te_rho_z29,True,,left_only
13538,Te_rho_z9,Te_rho_z30,True,,left_only
13539,Te_rho_z9,Te_rho_z31,True,,left_only
13540,Te_rho_z9,Te_rho_z32,True,,left_only
13541,Te_rho_z9,Te_rho_z33,True,,left_only
13542,Te_rho_z9,Te_rho_z34,True,,left_only
13543,Te_rho_z9,Te_rho_z35,True,,left_only
13544,Te_rho_z9,Te_rho_z36,True,,left_only
13545,Te_rho_z9,Te_rho_z37,True,,left_only
13546,Te_rho_z9,Te_rho_z38,True,,left_only
13547,Te_rho_z9,Te_rho_z39,True,,left_only
13549,Te_rho_z9,Te_rho_z40,True,,left_only
13550,Te_rho_z9,Te_rho_z41,True,,left_only
13551,Te_rho_z9,Te_rho_z42,True,,left_only
13552,Te_rho_z9,Te_rho_z43,True,,left_only
13553,Te_rho_z9,Te_rho_z44,True,,left_only
13554,Te_rho_z9,Te_rho_z45,True,,left_only
13555,Te_rho_z9,Te_rho_z46,True,,left_only
13556,Te_rho_z9,Te_rho_z47,True,,left_only
13557,Te_rho_z9,Te_rho_z48,True,,left_only
13558,Te_rho_z9,Te_rho_z49,True,,left_only
13563,Te_rho_z9,Wtot,True,,left_only
13564,Wtot,DML,True,,left_only
13565,Wtot,FIR_LIDs_HFS,True,,left_only
13566,Wtot,FIR_LIDs_LFS,True,,left_only
13567,Wtot,FIR_LIDs_core,True,,left_only
13568,Wtot,IP,True,,left_only
13569,Wtot,IPLA,True,,left_only
13570,Wtot,Ne_rho_z21,True,,left_only
13571,Wtot,Ne_rho_z22,True,,left_only
13572,Wtot,Ne_rho_z23,True,,left_only
13573,Wtot,Ne_rho_z24,True,,left_only
13574,Wtot,Ne_rho_z25,True,,left_only
13575,Wtot,Ne_rho_z26,True,,left_only
13576,Wtot,Ne_rho_z27,True,,left_only
13577,Wtot,Ne_rho_z28,True,,left_only
13578,Wtot,Ne_rho_z29,True,,left_only
13579,Wtot,Ne_rho_z30,True,,left_only
13580,Wtot,Ne_rho_z31,True,,left_only
13581,Wtot,Ne_rho_z32,True,,left_only
13582,Wtot,Ne_rho_z33,True,,left_only
13583,Wtot,Ne_rho_z34,True,,left_only
13584,Wtot,Ne_rho_z35,True,,left_only
13585,Wtot,Ne_rho_z36,True,,left_only
13586,Wtot,Ne_rho_z37,True,,left_only
13587,Wtot,Ne_rho_z38,True,,left_only
13588,Wtot,Ne_rho_z39,True,,left_only
13589,Wtot,Ne_rho_z40,True,,left_only
13590,Wtot,Ne_rho_z41,True,,left_only
13591,Wtot,Ne_rho_z42,True,,left_only
13592,Wtot,Ne_rho_z43,True,,left_only
13593,Wtot,Ne_rho_z44,True,,left_only
13594,Wtot,Ne_rho_z45,True,,left_only
13595,Wtot,Ne_rho_z46,True,,left_only
13596,Wtot,Ne_rho_z47,True,,left_only
13597,Wtot,Ne_rho_z48,True,,left_only
13598,Wtot,Ne_rho_z49,True,,left_only
13599,Wtot,Ne_rho_z50,True,,left_only
13600,Wtot,Ne_rho_z51,True,,left_only
13601,Wtot,Ne_rho_z52,True,,left_only
13602,Wtot,Ne_rho_z53,True,,left_only
13603,Wtot,Ne_rho_z54,True,,left_only
13604,Wtot,Ne_rho_z55,True,,left_only
13605,Wtot,Ne_rho_z56,True,,left_only
13606,Wtot,Ne_rho_z57,True,,left_only
13607,Wtot,Ne_rho_z58,True,,left_only
13608,Wtot,POHM,True,,left_only
13609,Wtot,SXRcore,True,,left_only
13610,Wtot,Te_rho_z1,True,,left_only
13611,Wtot,Te_rho_z10,True,,left_only
13612,Wtot,Te_rho_z11,True,,left_only
13613,Wtot,Te_rho_z12,True,,left_only
13614,Wtot,Te_rho_z13,True,,left_only
13615,Wtot,Te_rho_z14,True,,left_only
13616,Wtot,Te_rho_z15,True,,left_only
13617,Wtot,Te_rho_z16,True,,left_only
13618,Wtot,Te_rho_z17,True,,left_only
13619,Wtot,Te_rho_z18,True,,left_only
13620,Wtot,Te_rho_z19,True,,left_only
13621,Wtot,Te_rho_z2,True,,left_only
13622,Wtot,Te_rho_z20,True,,left_only
13623,Wtot,Te_rho_z21,True,,left_only
13624,Wtot,Te_rho_z22,True,,left_only
13625,Wtot,Te_rho_z23,True,,left_only
13626,Wtot,Te_rho_z24,True,,left_only
13627,Wtot,Te_rho_z25,True,,left_only
13628,Wtot,Te_rho_z26,True,,left_only
13629,Wtot,Te_rho_z27,True,,left_only
13630,Wtot,Te_rho_z28,True,,left_only
13631,Wtot,Te_rho_z29,True,,left_only
13632,Wtot,Te_rho_z3,True,,left_only
13633,Wtot,Te_rho_z30,True,,left_only
13634,Wtot,Te_rho_z31,True,,left_only
13635,Wtot,Te_rho_z32,True,,left_only
13636,Wtot,Te_rho_z33,True,,left_only
13637,Wtot,Te_rho_z34,True,,left_only
13638,Wtot,Te_rho_z35,True,,left_only
13639,Wtot,Te_rho_z36,True,,left_only
13640,Wtot,Te_rho_z37,True,,left_only
13641,Wtot,Te_rho_z38,True,,left_only
13642,Wtot,Te_rho_z39,True,,left_only
13643,Wtot,Te_rho_z4,True,,left_only
13644,Wtot,Te_rho_z40,True,,left_only
13645,Wtot,Te_rho_z41,True,,left_only
13646,Wtot,Te_rho_z42,True,,left_only
13647,Wtot,Te_rho_z43,True,,left_only
13648,Wtot,Te_rho_z44,True,,left_only
13649,Wtot,Te_rho_z45,True,,left_only
13650,Wtot,Te_rho_z46,True,,left_only
13651,Wtot,Te_rho_z47,True,,left_only
13652,Wtot,Te_rho_z48,True,,left_only
13653,Wtot,Te_rho_z49,True,,left_only
13654,Wtot,Te_rho_z5,True,,left_only
13655,Wtot,Te_rho_z50,True,,left_only
13656,Wtot,Te_rho_z51,True,,left_only
13657,Wtot,Te_rho_z52,True,,left_only
13658,Wtot,Te_rho_z53,True,,left_only
13659,Wtot,Te_rho_z54,True,,left_only
13660,Wtot,Te_rho_z55,True,,left_only
13661,Wtot,Te_rho_z56,True,,left_only
13662,Wtot,Te_rho_z57,True,,left_only
13663,Wtot,Te_rho_z58,True,,left_only
13664,Wtot,Te_rho_z59,True,,left_only
13665,Wtot,Te_rho_z6,True,,left_only
13666,Wtot,Te_rho_z60,True,,left_only
13667,Wtot,Te_rho_z7,True,,left_only
13668,Wtot,Te_rho_z8,True,,left_only
13669,Wtot,Te_rho_z9,True,,left_only
